Student_ID,Study_Hours_Per_Day,Extracurricular_Hours_Per_Day,Sleep_Hours_Per_Day,Social_Hours_Per_Day,Physical_Activity_Hours_Per_Day,GPA,Stress_Level_Encoded,Academic_Performance_Encoded
1,6.9,3.8,8.7,2.8,1.8,2.99,1,1
2,5.3,3.5,8.0,4.2,3.0,2.75,0,1
3,5.1,3.9,9.2,1.2,4.6,2.67,0,1
4,6.5,2.1,7.2,1.7,6.5,2.88,1,1
5,8.1,0.6,6.5,2.2,6.6,3.51,2,3
6,6.0,2.1,8.0,0.3,7.6,2.85,1,1
7,8.0,0.7,5.3,5.7,4.3,3.08,2,2
8,8.4,1.8,5.6,3.0,5.2,3.2,2,2
9,5.2,3.6,6.3,4.0,4.9,2.82,0,1
10,7.7,0.7,9.8,4.5,1.3,2.76,1,1
11,9.7,3.6,8.0,2.5,0.2,3.43,2,2
12,6.9,1.1,9.1,2.1,4.8,2.97,1,1
13,6.4,2.2,5.7,4.8,4.9,2.82,2,1
14,5.0,3.3,8.5,4.4,2.8,2.87,0,1
15,8.9,0.3,6.8,0.7,7.3,3.4,2,2
16,6.7,0.3,6.6,2.0,8.4,3.2,1,2
17,8.6,2.6,9.4,1.6,1.8,3.36,2,2
18,8.8,2.2,8.9,2.0,2.1,3.19,2,2
19,7.6,1.7,5.1,0.6,9.0,3.16,2,2
20,6.6,2.0,9.5,1.5,4.4,2.93,1,1
21,7.1,3.0,6.1,0.5,7.3,2.9,1,1
22,9.6,3.2,8.2,2.6,0.4,3.34,2,2
23,9.0,0.7,9.5,2.6,2.2,3.21,2,2
24,6.1,1.7,9.1,5.2,1.9,2.85,1,1
25,5.0,2.0,7.1,1.3,8.6,2.68,0,1
26,9.7,1.3,7.6,3.8,1.6,3.29,2,2
27,6.8,3.9,9.8,0.9,2.6,2.64,1,1
28,6.4,0.1,8.0,3.0,6.5,2.95,1,1
29,5.3,1.1,9.5,1.4,6.7,2.79,0,1
30,9.9,1.0,8.4,3.6,1.1,3.25,2,2
31,6.2,2.9,6.8,3.8,4.3,3.05,1,2
32,5.5,3.3,6.6,1.1,7.5,3.26,0,2
33,5.2,2.4,8.4,0.1,7.9,2.47,0,1
34,8.2,0.7,8.5,2.3,4.3,3.24,2,2
35,9.7,0.6,6.7,0.7,6.3,3.62,2,3
36,9.1,2.2,7.6,1.2,3.9,3.12,2,2
37,5.5,3.6,9.5,3.4,2.0,2.58,0,1
38,8.6,3.6,9.4,1.9,0.5,3.03,2,2
39,8.2,0.3,5.8,5.4,4.3,3.29,2,2
40,5.0,0.6,7.7,4.2,6.5,2.61,0,1
41,8.3,0.9,8.6,1.4,4.8,3.48,2,2
42,8.2,3.4,8.3,2.3,1.8,3.07,2,2
43,5.5,1.5,6.3,1.5,9.2,2.81,0,1
44,9.5,2.5,9.0,1.5,1.5,3.49,2,2
45,7.9,2.0,6.0,4.3,3.8,2.97,1,1
46,9.7,3.8,9.6,0.3,0.6,3.55,2,3
47,5.1,3.7,7.1,5.8,2.3,2.6,0,1
48,9.3,1.3,5.8,3.3,4.3,3.09,2,2
49,9.7,2.8,7.9,0.3,3.3,3.47,2,2
50,9.4,3.0,8.5,2.2,0.9,3.18,2,2
51,6.8,1.2,9.0,4.9,2.1,3.12,1,2
52,9.0,2.6,8.5,3.1,0.8,4.0,2,3
53,9.5,1.4,6.9,0.6,5.6,3.33,2,2
54,7.3,2.2,6.4,3.5,4.6,3.11,1,2
55,5.2,0.1,9.1,2.2,7.4,2.79,0,1
56,8.8,0.9,8.1,0.5,5.7,3.1,2,2
57,5.3,2.1,7.7,3.8,5.1,2.39,0,1
58,9.0,1.1,7.2,0.5,6.2,3.39,2,2
59,5.1,3.9,9.2,4.0,1.8,2.52,0,1
60,5.8,1.0,7.7,4.3,5.2,2.8,0,1
61,8.3,1.1,9.8,3.5,1.3,3.67,2,3
62,7.1,1.0,6.8,4.5,4.6,3.27,1,2
63,5.1,0.5,5.2,0.2,13.0,2.85,2,1
64,7.4,0.4,7.5,2.8,5.9,3.26,1,2
65,5.9,1.7,7.0,3.7,5.7,2.8,0,1
66,6.9,2.5,7.5,5.1,2.0,3.06,1,2
67,8.3,0.7,5.4,3.9,5.7,3.26,2,2
68,9.7,2.3,6.9,3.3,1.8,3.38,2,2
69,7.3,2.2,9.7,1.9,2.9,3.15,1,2
70,5.4,1.3,9.2,0.1,8.0,2.69,0,1
71,9.1,1.1,5.6,4.2,4.0,3.54,2,3
72,8.7,3.2,6.4,1.0,4.7,3.37,2,2
73,8.8,3.2,10.0,0.8,1.2,3.58,2,3
74,6.7,3.7,9.3,1.8,2.5,2.89,1,1
75,8.8,3.0,5.5,5.4,1.3,3.58,2,3
76,6.6,3.6,6.9,0.1,6.8,2.99,1,1
77,9.5,0.4,6.6,5.7,1.8,3.44,2,2
78,8.2,1.8,6.5,2.0,5.5,3.35,2,2
79,8.4,3.0,9.0,2.8,0.8,3.26,2,2
80,5.3,2.2,7.2,5.3,4.0,2.62,0,1
81,6.8,0.5,5.7,4.6,6.4,2.86,2,1
82,5.4,2.8,5.4,4.9,5.5,2.86,2,1
83,8.5,0.3,5.4,5.9,3.9,2.99,2,1
84,9.1,3.8,9.9,0.9,0.3,3.08,2,2
85,6.9,0.3,8.9,3.4,4.5,3.21,1,2
86,5.6,2.0,5.1,2.8,8.5,2.81,2,1
87,5.3,0.5,5.6,3.9,8.7,2.9,2,1
88,9.8,1.5,6.4,5.2,1.1,3.78,2,3
89,6.1,3.9,5.1,5.8,3.1,2.96,2,1
90,5.4,2.2,9.8,3.1,3.5,2.81,0,1
91,8.1,2.8,7.3,3.6,2.2,3.39,2,2
92,5.2,1.1,9.8,5.3,2.6,2.82,0,1
93,7.3,2.5,6.4,1.1,6.7,2.67,1,1
94,7.9,0.3,9.9,5.8,0.1,3.08,1,2
95,8.5,2.1,6.5,4.9,2.0,3.1,2,2
96,9.6,3.3,9.7,1.0,0.4,3.54,2,3
97,8.1,1.7,9.7,3.9,0.6,3.45,2,2
98,9.9,0.6,8.0,2.1,3.4,3.39,2,2
99,9.8,3.4,9.2,0.7,0.9,3.15,2,2
100,5.3,3.5,9.1,6.0,0.1,2.68,0,1
101,10.0,2.2,8.8,2.8,0.2,3.41,2,2
102,7.3,0.5,9.8,3.6,2.8,3.22,1,2
103,6.1,2.7,8.1,2.1,5.0,2.98,1,1
104,7.6,3.1,7.6,4.9,0.8,2.99,1,1
105,7.8,2.2,9.4,1.9,2.7,3.3,1,2
106,8.5,0.9,5.7,0.1,8.8,3.55,2,3
107,6.8,2.4,7.0,2.6,5.2,2.97,1,1
108,7.6,3.1,7.0,3.7,2.6,3.28,1,2
109,9.3,3.8,5.7,4.8,0.4,3.05,2,2
110,7.3,3.9,7.5,1.7,3.6,3.08,1,2
111,8.2,1.0,5.4,0.8,8.6,3.3,2,2
112,5.9,1.4,9.5,2.8,4.4,2.7,0,1
113,8.3,0.7,6.0,0.2,8.8,3.14,2,2
114,5.9,0.4,5.6,2.8,9.3,2.73,2,1
115,6.0,1.5,7.5,4.1,4.9,2.76,1,1
116,9.4,3.7,5.3,1.6,4.0,3.45,2,2
117,9.0,3.0,5.9,1.3,4.8,3.29,2,2
118,8.1,1.5,7.3,4.5,2.6,2.75,2,1
119,5.2,1.0,8.6,5.4,3.8,3.4,0,2
120,5.5,1.8,7.7,1.5,7.5,3.05,0,2
121,6.3,1.5,5.1,1.9,9.2,2.82,2,1
122,5.6,3.6,8.0,4.1,2.7,2.62,0,1
123,8.9,2.0,5.4,3.2,4.5,3.64,2,3
124,7.2,0.5,6.4,2.2,7.7,3.19,1,2
125,8.2,2.3,6.8,5.9,0.8,2.95,2,1
126,5.5,0.6,6.2,1.0,10.7,2.94,0,1
127,5.9,1.1,5.9,5.4,5.7,2.89,2,1
128,7.1,3.9,5.6,2.4,5.0,2.9,2,1
129,9.8,3.5,9.1,0.4,1.2,3.57,2,3
130,9.6,2.2,7.9,1.2,3.1,3.24,2,2
131,8.8,0.7,6.6,2.6,5.3,2.99,2,1
132,5.6,2.4,6.4,3.5,6.1,2.85,0,1
133,5.8,1.9,7.7,0.3,8.3,2.7,0,1
134,5.3,4.0,6.6,4.9,3.2,2.72,0,1
135,6.3,2.7,8.8,3.6,2.6,2.45,1,1
136,6.7,3.7,9.2,4.2,0.2,2.85,1,1
137,5.6,2.9,9.7,1.1,4.7,2.86,0,1
138,7.9,3.4,5.7,4.8,2.2,3.15,2,2
139,6.0,0.7,5.8,4.9,6.6,2.96,2,1
140,6.8,3.5,7.0,4.9,1.8,3.44,1,2
141,7.2,1.5,7.3,1.8,6.2,3.08,1,2
142,6.2,3.6,6.9,3.3,4.0,3.27,1,2
143,9.5,2.5,5.6,5.6,0.8,3.13,2,2
144,5.7,3.2,8.1,3.2,3.8,3.08,0,2
145,9.5,3.2,5.8,1.7,3.8,3.59,2,3
146,5.2,2.3,8.8,5.3,2.4,2.61,0,1
147,6.7,3.3,5.6,5.1,3.3,2.95,2,1
148,9.0,0.6,6.1,4.3,4.0,3.15,2,2
149,8.6,2.6,8.5,2.3,2.0,3.14,2,2
150,5.9,3.6,7.9,2.4,4.2,2.64,0,1
151,7.3,3.8,5.8,3.5,3.6,3.58,2,3
152,5.1,3.5,9.7,3.2,2.5,2.79,0,1
153,8.5,3.7,8.5,0.5,2.8,3.65,2,3
154,7.1,2.9,9.7,4.0,0.3,3.33,1,2
155,7.3,0.5,9.9,5.0,1.3,3.11,1,2
156,8.0,1.6,5.3,2.0,7.1,3.42,2,2
157,9.0,0.0,6.7,2.4,5.9,3.51,2,3
158,6.7,1.4,8.7,2.7,4.5,3.02,1,2
159,6.1,1.8,5.7,1.1,9.3,2.38,2,1
160,9.6,1.4,7.9,3.2,1.9,3.43,2,2
161,5.1,2.7,5.9,5.8,4.5,2.71,2,1
162,5.4,4.0,7.5,3.6,3.5,2.59,0,1
163,5.3,3.0,6.0,5.4,4.3,2.68,0,1
164,5.2,1.9,7.8,0.4,8.7,2.67,0,1
165,8.9,1.8,7.6,2.5,3.2,3.58,2,3
166,5.8,0.7,9.3,5.7,2.5,2.46,0,1
167,6.9,1.1,8.2,2.5,5.3,3.22,1,2
168,5.1,0.9,6.2,4.0,7.8,3.02,0,2
169,5.1,0.4,9.0,1.1,8.4,2.52,0,1
170,5.5,1.0,8.6,5.1,3.8,2.97,0,1
171,9.2,1.6,8.3,1.0,3.9,3.5,2,3
172,5.1,0.3,6.0,0.2,12.4,2.7,0,1
173,5.9,2.3,7.1,5.4,3.3,2.78,0,1
174,6.3,1.5,8.0,1.6,6.6,3.15,1,2
175,8.1,1.6,7.8,2.6,3.9,3.26,2,2
176,8.8,0.6,9.3,2.6,2.7,3.3,2,2
177,9.5,3.2,7.1,0.1,4.1,3.49,2,2
178,8.2,1.0,5.7,5.0,4.1,2.89,2,1
179,9.9,2.1,5.9,1.6,4.5,3.52,2,3
180,6.4,2.2,8.3,5.0,2.1,2.76,1,1
181,6.0,0.0,5.7,5.4,6.9,2.95,2,1
182,8.0,2.7,5.9,5.5,1.9,3.4,2,2
183,7.1,1.5,7.6,0.3,7.5,3.17,1,2
184,5.4,2.4,6.2,2.3,7.7,2.66,0,1
185,6.4,1.4,8.6,1.8,5.8,2.77,1,1
186,8.3,3.7,8.7,0.7,2.6,3.77,2,3
187,5.2,1.0,8.0,0.3,9.5,3.29,0,2
188,6.7,3.1,5.5,0.5,8.2,2.99,2,1
189,8.6,2.0,8.4,2.2,2.8,3.43,2,2
190,9.0,2.8,6.4,3.4,2.4,3.24,2,2
191,6.8,0.4,9.6,0.8,6.4,3.01,1,2
192,5.9,2.2,9.4,4.4,2.1,3.01,0,2
193,9.0,2.6,8.5,3.3,0.6,3.34,2,2
194,6.1,4.0,9.7,0.2,4.0,2.58,1,1
195,8.5,3.7,5.9,3.4,2.5,3.06,2,2
196,9.6,3.9,9.7,0.4,0.4,3.65,2,3
197,9.3,3.4,6.6,3.9,0.8,3.41,2,2
198,6.2,0.5,5.4,4.2,7.7,2.84,2,1
199,6.7,2.9,5.3,1.9,7.2,3.29,2,2
200,6.6,2.5,9.4,3.4,2.1,3.03,1,2
201,6.2,0.1,9.4,0.1,8.2,2.95,1,1
202,9.7,3.2,10.0,0.4,0.7,3.67,2,3
203,8.8,1.6,7.4,3.8,2.4,3.23,2,2
204,7.1,3.0,6.2,0.7,7.0,3.36,1,2
205,6.8,1.1,6.5,1.4,8.2,3.01,1,2
206,6.9,2.7,6.1,5.7,2.6,3.08,1,2
207,8.9,0.4,7.1,5.3,2.3,3.33,2,2
208,8.1,0.7,10.0,1.2,4.0,3.35,2,2
209,9.7,2.6,8.0,1.9,1.8,3.33,2,2
210,6.1,0.7,8.9,2.1,6.2,2.81,1,1
211,5.3,3.9,9.4,5.0,0.4,3.08,0,2
212,8.5,0.6,9.1,1.3,4.5,3.16,2,2
213,6.1,2.1,8.0,3.5,4.3,2.79,1,1
214,9.4,3.8,9.3,1.2,0.3,3.33,2,2
215,8.3,2.2,5.4,2.5,5.6,2.97,2,1
216,8.6,2.0,5.4,1.3,6.7,3.14,2,2
217,8.4,0.3,9.3,3.0,3.0,3.77,2,3
218,9.1,1.4,8.4,2.9,2.2,3.26,2,2
219,6.3,3.5,9.0,3.4,1.8,3.11,1,2
220,8.5,2.7,8.1,3.5,1.2,3.38,2,2
221,5.8,3.5,9.4,0.2,5.1,2.84,0,1
222,6.7,3.0,5.8,4.9,3.6,3.03,2,2
223,9.2,2.0,5.0,1.7,6.1,3.42,2,2
224,8.2,1.0,8.2,3.2,3.4,3.24,2,2
225,8.9,0.4,8.8,3.2,2.7,3.32,2,2
226,8.2,3.7,5.5,5.6,1.0,3.29,2,2
227,8.4,0.3,6.5,4.2,4.6,3.29,2,2
228,6.7,2.5,5.2,5.2,4.4,2.86,2,1
229,9.9,3.9,8.7,0.2,1.3,3.8,2,3
230,8.4,1.8,6.4,6.0,1.4,3.25,2,2
231,7.1,1.8,5.8,4.8,4.5,2.86,2,1
232,5.4,2.7,8.3,1.6,6.0,2.95,0,1
233,9.8,0.6,7.2,5.7,0.7,3.84,2,3
234,7.0,1.1,9.9,2.5,3.5,2.84,1,1
235,9.5,0.9,6.1,0.2,7.3,3.17,2,2
236,9.3,1.9,9.8,0.6,2.4,3.68,2,3
237,9.3,3.1,8.9,2.3,0.4,3.52,2,3
238,5.7,0.1,9.6,3.7,4.9,3.12,0,2
239,9.0,1.9,5.6,0.8,6.7,3.21,2,2
240,6.0,2.0,5.3,3.5,7.2,3.26,2,2
241,6.3,3.2,6.6,2.7,5.2,2.85,1,1
242,8.0,1.2,8.5,5.2,1.1,2.72,1,1
243,8.9,0.2,7.4,0.6,6.9,3.33,2,2
244,8.1,2.8,7.8,0.1,5.2,2.98,2,1
245,6.6,2.1,5.4,2.1,7.8,2.79,2,1
246,7.8,2.8,9.0,0.9,3.5,3.11,1,2
247,5.8,0.4,8.2,4.2,5.4,2.88,0,1
248,8.5,3.5,8.6,2.7,0.7,3.15,2,2
249,6.7,3.3,5.4,5.4,3.2,3.27,2,2
250,7.3,2.6,7.6,4.4,2.1,3.13,1,2
251,5.4,0.2,6.2,1.0,11.2,2.75,0,1
252,9.9,1.3,5.9,4.7,2.2,3.57,2,3
253,8.3,2.0,7.8,4.2,1.7,3.25,2,2
254,6.0,2.7,5.4,0.2,9.7,2.92,2,1
255,6.3,1.9,9.3,4.4,2.1,2.85,1,1
256,6.7,1.5,9.9,0.2,5.7,3.32,1,2
257,9.3,2.3,7.2,3.8,1.4,3.61,2,3
258,9.5,1.7,6.4,3.6,2.8,3.42,2,2
259,9.6,0.8,8.1,3.5,2.0,3.31,2,2
260,8.6,3.6,5.9,1.4,4.5,3.37,2,2
261,9.9,0.7,9.3,2.0,2.1,3.59,2,3
262,7.2,2.1,6.8,3.6,4.3,3.01,1,2
263,5.8,1.6,9.8,1.5,5.3,2.61,0,1
264,8.9,0.5,9.8,2.2,2.6,3.57,2,3
265,6.2,0.3,5.8,3.1,8.6,3.13,2,2
266,7.2,1.0,8.1,4.2,3.5,2.98,1,1
267,5.8,0.7,5.2,4.4,7.9,2.81,2,1
268,9.2,3.2,7.9,3.2,0.5,3.8,2,3
269,6.0,0.4,6.3,0.3,11.0,3.05,1,2
270,5.2,0.5,7.3,5.6,5.4,2.79,0,1
271,6.6,2.0,5.2,0.9,9.3,3.17,2,2
272,7.3,2.1,7.4,4.0,3.2,3.16,1,2
273,5.7,0.1,6.5,4.2,7.5,2.98,0,1
274,9.8,0.4,8.4,2.4,3.0,3.26,2,2
275,9.3,0.7,8.5,4.6,0.9,3.43,2,2
276,7.5,2.5,9.3,2.7,2.0,3.2,1,2
277,5.2,3.7,8.4,4.1,2.6,2.91,0,1
278,7.0,2.6,5.5,3.9,5.0,2.82,2,1
279,10.0,0.2,9.9,1.6,2.3,3.56,2,3
280,7.8,3.0,9.4,1.5,2.3,3.25,1,2
281,6.6,2.7,9.0,4.3,1.4,2.93,1,1
282,9.1,0.5,7.7,0.0,6.7,3.64,2,3
283,6.6,1.5,7.0,4.2,4.7,2.79,1,1
284,6.2,1.5,6.1,0.4,9.8,2.5,1,1
285,8.0,2.7,8.1,2.4,2.8,3.4,1,2
286,7.6,1.9,5.1,2.0,7.4,3.08,2,2
287,6.9,1.6,7.9,3.2,4.4,3.31,1,2
288,9.1,2.9,9.8,0.0,2.2,3.48,2,2
289,6.0,0.0,8.2,5.4,4.4,2.92,1,1
290,5.3,3.7,6.8,0.6,7.6,2.78,0,1
291,7.4,1.0,6.4,1.8,7.4,3.15,1,2
292,6.6,2.4,8.6,1.6,4.8,3.27,1,2
293,7.1,0.5,5.9,4.1,6.4,3.09,2,2
294,8.5,0.4,7.8,1.5,5.8,3.01,2,2
295,9.8,1.9,9.0,1.8,1.5,3.5,2,3
296,9.8,2.4,9.1,2.4,0.3,3.38,2,2
297,6.1,0.8,8.1,2.5,6.5,2.67,1,1
298,8.9,1.1,9.1,2.1,2.8,3.2,2,2
299,8.3,0.4,8.1,2.7,4.5,3.01,2,2
300,8.7,3.5,6.1,0.5,5.2,3.37,2,2
301,5.1,2.6,8.0,3.3,5.0,2.65,0,1
302,8.0,2.0,9.9,0.6,3.5,2.93,1,1
303,8.5,1.6,7.1,4.3,2.5,3.39,2,2
304,6.4,0.3,5.4,5.4,6.5,3.29,2,2
305,6.0,1.3,6.1,2.1,8.5,2.91,1,1
306,5.3,3.2,6.2,3.2,6.1,2.64,0,1
307,9.4,2.6,7.7,1.4,2.9,3.66,2,3
308,10.0,2.6,7.8,2.6,1.0,3.26,2,2
309,7.3,0.2,7.8,5.7,3.0,3.2,1,2
310,6.0,2.1,5.5,2.7,7.7,2.72,2,1
311,8.8,1.4,8.3,4.4,1.1,3.1,2,2
312,10.0,3.7,7.7,2.2,0.4,3.44,2,2
313,7.6,2.5,5.4,4.5,4.0,3.17,2,2
314,8.9,2.8,5.2,1.8,5.3,3.3,2,2
315,6.3,1.4,5.4,5.6,5.3,2.58,2,1
316,7.0,1.8,8.0,3.1,4.1,3.15,1,2
317,9.6,2.0,10.0,2.0,0.4,3.46,2,2
318,6.9,3.5,9.3,3.5,0.8,3.02,1,2
319,9.0,1.2,5.4,2.4,6.0,3.46,2,2
320,6.7,3.9,8.2,4.3,0.9,2.83,1,1
321,5.7,3.4,9.6,2.6,2.7,3.13,0,2
322,5.9,2.0,7.0,0.9,8.2,3.0,0,2
323,6.8,0.3,5.1,0.8,11.0,3.03,2,2
324,9.8,1.7,6.6,3.0,2.9,3.58,2,3
325,7.2,0.4,8.2,1.3,6.9,3.39,1,2
326,5.8,0.2,8.9,2.8,6.3,3.11,0,2
327,5.3,4.0,5.3,4.2,5.2,2.67,2,1
328,8.5,0.2,7.5,6.0,1.8,3.21,2,2
329,9.1,2.5,6.5,3.7,2.2,2.85,2,1
330,5.7,3.5,7.2,1.2,6.4,3.04,0,2
331,6.8,1.7,9.1,4.4,2.0,2.9,1,1
332,5.1,1.0,8.8,0.8,8.3,2.25,0,1
333,7.7,0.9,5.1,1.4,8.9,3.15,2,2
334,5.5,2.2,7.3,5.1,3.9,2.94,0,1
335,5.5,2.0,5.8,1.9,8.8,2.79,2,1
336,6.9,1.6,7.3,4.7,3.5,3.38,1,2
337,9.5,3.8,8.9,0.6,1.2,3.3,2,2
338,6.3,3.4,5.2,5.4,3.7,3.31,2,2
339,7.3,2.5,8.3,5.3,0.6,3.36,1,2
340,5.3,2.1,5.8,4.4,6.4,3.11,2,2
341,7.6,2.7,5.2,0.5,8.0,3.07,2,2
342,5.4,0.0,9.8,4.4,4.4,2.85,0,1
343,6.8,1.2,6.7,4.6,4.7,2.81,1,1
344,5.9,0.4,8.3,4.6,4.8,2.99,0,1
345,6.3,0.1,5.4,5.8,6.4,3.14,2,2
346,8.1,1.5,6.0,0.7,7.7,3.06,2,2
347,8.1,3.1,8.2,2.4,2.2,3.09,2,2
348,9.9,2.4,7.9,2.8,1.0,3.67,2,3
349,9.1,2.6,5.6,2.0,4.7,3.16,2,2
350,7.2,2.5,9.7,1.1,3.5,2.69,1,1
351,5.6,0.8,9.4,3.9,4.3,3.01,0,2
352,9.3,3.4,9.6,0.4,1.3,3.28,2,2
353,8.8,1.8,9.2,3.1,1.1,3.45,2,2
354,5.9,2.2,9.9,5.6,0.4,3.12,0,2
355,5.2,0.7,5.7,4.4,8.0,2.67,2,1
356,7.5,3.4,8.7,2.4,2.0,3.24,1,2
357,8.0,2.0,6.5,3.4,4.1,3.35,1,2
358,8.2,3.0,5.8,2.8,4.2,3.31,2,2
359,5.0,1.0,8.6,6.0,3.4,2.71,0,1
360,9.0,0.8,7.8,4.4,2.0,3.18,2,2
361,8.1,0.8,6.8,4.7,3.6,3.19,2,2
362,8.8,0.1,8.7,1.2,5.2,3.32,2,2
363,9.8,1.5,6.6,0.9,5.2,3.61,2,3
364,10.0,1.5,7.2,3.8,1.5,3.43,2,2
365,9.4,2.4,7.0,2.1,3.1,3.1,2,2
366,9.0,0.4,7.9,2.9,3.8,3.6,2,3
367,8.2,0.3,7.9,3.4,4.2,3.64,2,3
368,8.4,3.2,6.3,5.0,1.1,3.5,2,3
369,7.5,0.3,5.3,2.0,8.9,3.26,2,2
370,8.9,2.1,7.2,0.9,4.9,3.53,2,3
371,6.6,1.7,5.4,1.3,9.0,3.29,2,2
372,10.0,3.7,8.2,0.9,1.2,3.63,2,3
373,8.2,3.1,5.6,2.5,4.6,3.16,2,2
374,7.9,2.4,5.9,2.2,5.6,3.4,2,2
375,6.7,0.1,5.1,5.0,7.1,3.03,2,2
376,6.5,3.8,6.3,2.6,4.8,2.62,1,1
377,9.4,3.4,5.9,4.3,1.0,3.18,2,2
378,5.7,0.3,8.6,3.0,6.4,2.28,0,1
379,7.2,2.9,8.8,0.8,4.3,2.88,1,1
380,8.8,2.6,9.8,0.2,2.6,3.38,2,2
381,5.3,1.1,6.3,1.5,9.8,2.75,0,1
382,6.4,3.0,7.2,4.7,2.7,3.03,1,2
383,5.3,2.0,5.2,0.4,11.1,2.31,2,1
384,6.7,3.6,5.1,4.0,4.6,3.18,2,2
385,9.8,2.2,9.7,0.1,2.2,3.16,2,2
386,8.7,3.9,6.3,3.3,1.8,3.2,2,2
387,6.0,2.3,7.3,5.8,2.6,2.58,1,1
388,5.6,0.6,6.1,1.5,10.2,3.07,0,2
389,9.3,2.2,7.6,0.6,4.3,3.48,2,2
390,5.3,2.8,7.7,0.5,7.7,2.93,0,1
391,7.3,1.9,5.8,5.7,3.3,3.18,2,2
392,7.3,1.6,8.3,3.3,3.5,3.28,1,2
393,5.3,2.1,9.0,2.8,4.8,2.67,0,1
394,5.8,1.3,8.8,3.1,5.0,2.71,0,1
395,6.0,3.5,9.4,4.4,0.7,2.84,1,1
396,9.9,3.1,5.1,0.4,5.5,3.17,2,2
397,7.3,3.6,7.7,2.7,2.7,3.15,1,2
398,9.1,1.5,8.9,4.3,0.2,3.21,2,2
399,6.0,2.1,6.4,4.8,4.7,3.27,1,2
400,9.0,1.6,9.6,2.0,1.8,3.57,2,3
401,5.8,2.8,9.0,1.9,4.5,2.8,0,1
402,5.9,3.6,8.3,0.9,5.3,2.8,0,1
403,7.2,2.5,5.4,5.3,3.6,3.08,2,2
404,9.8,1.7,9.9,1.7,0.9,3.75,2,3
405,8.2,0.7,9.4,2.4,3.3,3.47,2,2
406,8.6,3.6,5.4,4.4,2.0,3.81,2,3
407,5.9,3.4,9.1,3.0,2.6,2.68,0,1
408,7.4,3.3,7.3,2.1,3.9,3.34,1,2
409,7.5,3.3,6.7,1.0,5.5,3.29,1,2
410,5.5,1.0,5.7,2.1,9.7,2.93,2,1
411,7.3,3.0,8.3,3.4,2.0,3.29,1,2
412,7.4,3.9,8.2,0.6,3.9,3.02,1,2
413,8.4,1.3,8.4,0.4,5.5,3.32,2,2
414,6.1,3.3,6.4,3.9,4.3,2.86,1,1
415,8.5,2.1,6.5,1.3,5.6,3.38,2,2
416,9.4,3.1,8.9,1.7,0.9,3.45,2,2
417,6.3,3.6,8.4,3.2,2.5,2.92,1,1
418,7.3,3.5,7.7,2.1,3.4,2.9,1,1
419,9.9,0.4,7.1,0.3,6.3,3.55,2,3
420,6.4,3.4,6.5,5.5,2.2,3.0,1,2
421,8.8,3.2,5.1,5.8,1.1,3.13,2,2
422,9.1,1.1,9.4,0.5,3.9,3.58,2,3
423,8.5,2.2,5.5,1.5,6.3,3.27,2,2
424,6.5,2.4,6.5,1.8,6.8,2.91,1,1
425,8.7,0.2,9.5,4.8,0.8,3.5,2,3
426,9.5,0.7,5.4,1.4,7.0,3.77,2,3
427,9.0,0.1,7.9,6.0,1.0,3.36,2,2
428,5.3,3.3,8.0,0.7,6.7,3.03,0,2
429,5.5,3.6,8.3,5.0,1.6,2.86,0,1
430,7.6,1.7,6.6,2.6,5.5,3.34,1,2
431,8.9,2.4,9.5,1.4,1.8,3.66,2,3
432,8.0,2.8,6.2,3.1,3.9,3.46,1,2
433,5.5,1.5,7.4,3.9,5.7,2.85,0,1
434,8.7,2.0,8.2,0.4,4.7,3.42,2,2
435,6.3,1.4,7.4,0.3,8.6,2.86,1,1
436,9.9,1.3,7.4,1.1,4.3,3.35,2,2
437,8.1,1.1,6.0,3.1,5.7,3.15,2,2
438,9.0,2.3,7.6,1.5,3.6,3.2,2,2
439,9.7,1.6,5.4,3.7,3.6,3.39,2,2
440,7.5,3.5,7.5,3.9,1.6,2.97,1,1
441,10.0,0.5,6.4,2.4,4.7,3.14,2,2
442,9.5,2.9,8.0,1.1,2.5,3.11,2,2
443,9.1,3.8,9.1,0.0,2.0,3.27,2,2
444,6.3,0.2,8.0,4.1,5.4,2.97,1,1
445,5.6,1.5,7.3,2.2,7.4,2.8,0,1
446,8.8,0.3,5.4,2.1,7.4,3.12,2,2
447,9.7,2.7,8.4,1.2,2.0,3.44,2,2
448,8.2,3.7,8.1,3.5,0.5,3.23,2,2
449,8.6,0.5,9.5,0.4,5.0,3.06,2,2
450,5.1,1.7,6.5,2.9,7.8,2.79,0,1
451,7.9,0.2,5.6,3.4,6.9,3.44,2,2
452,8.3,3.4,8.5,1.6,2.2,3.07,2,2
453,8.4,1.1,6.5,4.7,3.3,3.54,2,3
454,9.1,3.4,9.6,0.8,1.1,3.31,2,2
455,6.6,2.3,6.9,3.6,4.6,3.2,1,2
456,6.9,0.7,7.2,0.9,8.3,3.26,1,2
457,9.5,1.4,5.8,0.2,7.1,3.69,2,3
458,6.7,0.3,7.0,1.9,8.1,3.28,1,2
459,8.4,2.4,6.8,1.3,5.1,3.25,2,2
460,8.4,0.6,7.4,0.2,7.4,3.32,2,2
461,7.5,3.9,6.9,0.2,5.5,3.11,1,2
462,5.8,0.1,8.8,2.8,6.5,2.8,0,1
463,6.4,3.6,5.6,5.7,2.7,3.1,2,2
464,8.0,3.3,9.9,0.8,2.0,3.13,1,2
465,9.8,1.6,6.9,1.9,3.8,3.23,2,2
466,7.8,2.2,8.8,4.3,0.9,3.2,1,2
467,7.2,1.2,6.3,1.2,8.1,3.05,1,2
468,6.4,3.9,7.8,2.0,3.9,2.87,1,1
469,7.9,0.6,7.2,3.8,4.5,2.68,1,1
470,10.0,3.5,8.1,1.4,1.0,3.44,2,2
471,8.1,0.8,7.0,0.2,7.9,3.74,2,3
472,6.1,3.9,9.5,3.2,1.3,2.61,1,1
473,7.7,3.5,5.7,4.7,2.4,3.21,2,2
474,6.4,3.5,9.7,0.7,3.7,2.89,1,1
475,7.3,3.9,7.4,4.7,0.7,2.74,1,1
476,6.4,0.8,8.8,2.3,5.7,3.21,1,2
477,7.6,2.0,7.9,5.2,1.3,3.13,1,2
478,9.1,3.1,7.9,3.7,0.2,3.42,2,2
479,6.0,0.4,9.3,2.6,5.7,3.02,1,2
480,8.1,3.7,5.1,2.9,4.2,2.63,2,1
481,8.4,2.9,8.5,0.6,3.6,3.07,2,2
482,9.0,1.1,6.1,5.7,2.1,3.07,2,2
483,5.0,4.0,8.4,5.0,1.6,2.9,0,1
484,8.7,0.6,8.8,4.5,1.4,3.41,2,2
485,8.3,3.1,9.2,2.1,1.3,3.24,2,2
486,5.4,1.6,7.0,0.4,9.6,2.63,0,1
487,6.7,0.4,9.0,5.7,2.2,2.63,1,1
488,5.4,2.0,9.0,4.2,3.4,2.85,0,1
489,5.3,0.3,7.0,1.8,9.6,2.64,0,1
490,9.0,3.7,7.0,3.9,0.4,3.16,2,2
491,6.6,1.9,6.1,3.8,5.6,3.0,1,2
492,6.8,2.6,5.6,5.3,3.7,3.08,2,2
493,7.5,1.8,7.9,3.7,3.1,3.17,1,2
494,6.2,2.9,9.1,4.7,1.1,2.83,1,1
495,7.8,2.1,5.7,4.7,3.7,3.16,2,2
496,6.4,0.5,8.1,0.3,8.7,2.61,1,1
497,8.7,1.3,5.0,3.1,5.9,3.24,2,2
498,9.2,0.0,6.2,4.4,4.2,3.41,2,2
499,6.6,0.4,6.8,1.6,8.6,2.89,1,1
500,8.9,3.6,7.2,3.9,0.4,3.51,2,3
501,6.9,3.9,5.4,4.1,3.7,2.55,2,1
502,8.2,2.8,5.0,1.0,7.0,3.2,2,2
503,8.6,2.7,9.8,2.2,0.7,3.31,2,2
504,6.5,0.4,8.9,3.9,4.3,3.01,1,2
505,5.2,1.4,9.8,3.0,4.6,2.49,0,1
506,6.0,1.5,6.8,0.3,9.4,2.44,1,1
507,8.8,1.7,9.1,3.7,0.7,3.44,2,2
508,7.4,3.5,6.1,4.1,2.9,2.88,1,1
509,8.0,1.2,5.7,3.9,5.2,3.03,2,2
510,8.2,1.6,8.6,1.1,4.5,3.46,2,2
511,9.5,1.1,6.8,0.3,6.3,3.43,2,2
512,6.3,3.3,5.1,2.3,7.0,2.74,2,1
513,6.7,0.1,5.6,2.5,9.1,2.49,2,1
514,7.7,2.4,5.0,2.8,6.1,3.12,2,2
515,9.8,2.1,8.4,1.2,2.5,3.61,2,3
516,7.6,3.9,5.6,0.1,6.8,3.28,2,2
517,8.9,3.2,5.6,1.6,4.7,3.36,2,2
518,6.7,1.5,5.0,1.8,9.0,3.31,2,2
519,8.2,3.9,9.2,0.1,2.6,3.26,2,2
520,8.9,1.8,7.0,1.8,4.5,3.38,2,2
521,5.3,0.9,6.2,2.9,8.7,2.76,0,1
522,5.3,3.8,9.7,4.1,1.1,3.13,0,2
523,10.0,2.2,9.8,0.2,1.8,3.25,2,2
524,6.0,0.6,8.1,4.7,4.6,2.78,1,1
525,7.9,0.6,9.1,3.8,2.6,3.5,1,3
526,6.3,1.4,9.6,1.7,5.0,2.74,1,1
527,7.3,3.6,8.5,0.3,4.3,2.93,1,1
528,5.7,3.8,7.6,1.5,5.4,3.27,0,2
529,7.5,2.7,5.4,1.6,6.8,3.09,2,2
530,7.7,1.7,5.2,1.0,8.4,3.43,2,2
531,7.2,0.8,5.2,5.1,5.7,2.99,2,1
532,9.8,0.8,9.8,3.6,0.0,3.59,2,3
533,8.6,3.9,7.8,1.0,2.7,3.69,2,3
534,5.4,2.5,9.9,1.1,5.1,2.54,0,1
535,9.0,3.6,9.7,1.6,0.1,3.44,2,2
536,8.8,0.6,7.4,4.3,2.9,3.32,2,2
537,6.2,2.6,8.3,1.0,5.9,3.23,1,2
538,7.5,0.0,5.0,2.1,9.4,3.2,2,2
539,9.6,0.9,8.2,1.2,4.1,3.62,2,3
540,8.6,0.4,7.1,0.2,7.7,3.2,2,2
541,7.4,2.6,5.6,1.7,6.7,3.26,2,2
542,10.0,0.2,8.8,1.9,3.1,3.46,2,2
543,7.0,3.0,9.6,4.2,0.2,2.68,1,1
544,8.9,1.0,7.8,2.2,4.1,3.54,2,3
545,8.3,1.0,6.0,5.5,3.2,3.25,2,2
546,6.1,0.2,5.2,1.1,11.4,2.72,2,1
547,9.3,1.1,9.8,2.2,1.6,3.79,2,3
548,7.6,3.0,6.4,2.1,4.9,2.83,1,1
549,9.5,3.8,9.5,0.5,0.7,3.4,2,2
550,7.5,0.8,8.0,1.1,6.6,3.43,1,2
551,6.7,3.4,6.0,0.4,7.5,2.48,1,1
552,9.1,3.3,6.7,3.4,1.5,3.4,2,2
553,8.9,2.6,5.8,5.3,1.4,2.98,2,1
554,7.1,0.2,5.6,4.6,6.5,3.13,2,2
555,5.0,1.7,7.6,0.3,9.4,2.53,0,1
556,6.2,0.0,8.6,5.8,3.4,2.71,1,1
557,6.1,2.7,8.7,5.1,1.4,2.57,1,1
558,6.6,2.9,9.1,1.0,4.4,2.85,1,1
559,6.9,3.6,9.0,4.4,0.1,2.92,1,1
560,8.0,2.6,5.4,3.3,4.7,3.48,2,2
561,8.5,0.7,8.9,3.4,2.5,3.41,2,2
562,6.5,2.9,8.8,0.6,5.2,2.67,1,1
563,7.6,2.0,6.8,5.6,2.0,3.25,1,2
564,8.6,1.8,9.6,2.8,1.2,3.47,2,2
565,8.6,3.4,6.4,4.5,1.1,3.18,2,2
566,6.7,3.9,9.3,2.9,1.2,2.78,1,1
567,8.6,2.2,9.7,1.7,1.8,3.07,2,2
568,8.9,2.9,6.9,0.1,5.2,3.26,2,2
569,9.2,0.0,8.5,5.8,0.5,3.08,2,2
570,8.5,3.3,7.7,4.4,0.1,3.2,2,2
571,5.3,2.0,8.6,5.2,2.9,2.89,0,1
572,7.8,1.6,5.7,5.2,3.7,3.06,2,2
573,5.8,1.2,6.5,5.2,5.3,3.08,0,2
574,6.3,2.5,7.9,5.0,2.3,3.07,1,2
575,9.5,0.0,8.4,0.3,5.8,3.07,2,2
576,6.5,1.4,8.1,2.0,6.0,3.06,1,2
577,8.7,1.6,5.3,4.7,3.7,3.2,2,2
578,8.4,1.3,5.3,2.2,6.8,2.92,2,1
579,9.7,2.6,8.4,2.1,1.2,3.38,2,2
580,8.8,0.4,6.4,1.7,6.7,3.05,2,2
581,7.2,3.9,5.3,3.1,4.5,3.03,2,2
582,8.7,2.8,7.1,1.9,3.5,3.12,2,2
583,7.0,1.1,6.0,2.9,7.0,2.87,1,1
584,8.3,3.9,8.0,0.3,3.5,3.04,2,2
585,5.4,3.8,6.5,0.6,7.7,3.14,0,2
586,8.2,1.1,5.1,5.8,3.8,3.5,2,3
587,6.3,2.7,8.5,3.7,2.8,2.72,1,1
588,8.0,3.5,9.7,0.3,2.5,3.02,1,2
589,5.8,3.8,8.7,5.0,0.7,2.95,0,1
590,8.5,2.7,7.0,0.1,5.7,3.01,2,2
591,7.9,1.0,7.3,5.7,2.1,3.41,1,2
592,5.9,2.7,9.9,0.6,4.9,2.82,0,1
593,5.0,1.7,5.5,4.5,7.3,2.72,2,1
594,6.3,1.7,8.6,0.1,7.3,3.11,1,2
595,7.9,2.5,8.2,1.3,4.1,3.08,1,2
596,6.0,3.5,8.7,0.1,5.7,2.95,1,1
597,6.2,0.9,6.4,1.5,9.0,2.92,1,1
598,8.7,2.4,8.4,0.4,4.1,3.16,2,2
599,9.8,3.4,9.0,1.5,0.3,3.49,2,2
600,6.0,2.5,8.7,4.4,2.4,3.05,1,2
601,7.6,0.3,6.9,5.5,3.7,3.35,1,2
602,6.3,1.5,9.5,4.0,2.7,3.42,1,2
603,8.9,1.8,8.2,1.3,3.8,3.21,2,2
604,7.2,2.6,9.7,0.3,4.2,3.42,1,2
605,9.1,1.2,7.2,0.1,6.4,3.37,2,2
606,5.3,2.0,9.6,0.6,6.5,2.41,0,1
607,8.8,1.6,8.3,1.4,3.9,3.26,2,2
608,5.4,0.7,8.3,5.3,4.3,2.75,0,1
609,9.1,2.7,5.6,1.7,4.9,3.15,2,2
610,7.6,2.1,6.8,2.1,5.4,2.97,1,1
611,9.1,3.2,6.5,4.8,0.4,3.34,2,2
612,6.8,2.0,9.7,4.8,0.7,3.09,1,2
613,5.5,1.6,7.8,3.0,6.1,2.9,0,1
614,8.4,3.4,9.3,2.2,0.7,3.2,2,2
615,7.2,2.4,5.8,4.0,4.6,3.19,2,2
616,6.1,0.5,5.8,0.0,11.6,2.73,2,1
617,8.6,2.9,7.6,0.8,4.1,3.15,2,2
618,5.5,0.9,7.6,3.6,6.4,2.57,0,1
619,6.2,0.2,7.0,1.4,9.2,3.13,1,2
620,7.1,1.7,7.7,4.2,3.3,3.48,1,2
621,8.5,0.7,7.5,2.5,4.8,3.34,2,2
622,7.7,0.5,8.0,0.7,7.1,3.34,1,2
623,6.7,0.6,8.5,1.2,7.0,3.18,1,2
624,6.0,2.0,7.1,0.1,8.8,2.85,1,1
625,9.0,0.3,7.4,3.4,3.9,3.64,2,3
626,6.3,0.0,8.6,3.2,5.9,3.14,1,2
627,9.2,3.3,9.2,1.1,1.2,3.6,2,3
628,7.3,0.7,9.3,5.3,1.4,2.97,1,1
629,7.3,0.3,6.9,4.8,4.7,3.09,1,2
630,5.3,3.5,6.9,3.3,5.0,2.81,0,1
631,9.8,0.3,8.2,0.4,5.3,3.71,2,3
632,7.2,4.0,7.8,1.6,3.4,2.98,1,1
633,6.1,1.4,6.9,0.4,9.2,2.79,1,1
634,8.6,2.6,8.5,0.0,4.3,2.85,2,1
635,6.1,2.6,7.4,0.0,7.9,3.03,1,2
636,7.7,0.3,8.8,3.5,3.7,3.29,1,2
637,8.9,3.0,9.0,1.6,1.5,3.42,2,2
638,8.1,3.0,5.8,1.2,5.9,3.04,2,2
639,9.5,3.0,9.5,1.5,0.5,3.76,2,3
640,9.4,2.3,8.2,0.6,3.5,3.62,2,3
641,7.4,2.9,6.4,1.2,6.1,2.89,1,1
642,6.1,1.7,9.5,3.0,3.7,2.76,1,1
643,5.9,0.3,8.5,2.3,7.0,2.99,0,1
644,9.0,1.1,8.5,1.4,4.0,3.56,2,3
645,9.7,2.5,6.6,1.4,3.8,3.57,2,3
646,6.1,2.4,6.3,4.0,5.2,2.73,1,1
647,9.1,3.1,8.8,0.6,2.4,3.42,2,2
648,6.8,1.7,5.2,1.6,8.7,2.91,2,1
649,5.2,3.5,6.2,3.3,5.8,2.8,0,1
650,6.6,3.6,9.4,1.4,3.0,2.94,1,1
651,9.5,4.0,9.1,1.2,0.2,3.52,2,3
652,5.3,0.4,10.0,2.0,6.3,2.49,0,1
653,8.7,3.2,9.3,2.8,0.0,3.1,2,2
654,5.1,1.4,8.9,3.4,5.2,2.72,0,1
655,6.6,2.6,6.2,0.1,8.5,3.11,1,2
656,8.8,0.2,9.2,3.6,2.2,3.59,2,3
657,7.8,2.5,9.3,2.6,1.8,3.2,1,2
658,8.8,1.8,8.5,1.9,3.0,3.32,2,2
659,6.1,2.4,9.6,5.5,0.4,2.99,1,1
660,6.1,4.0,9.9,2.6,1.4,2.49,1,1
661,9.0,2.9,8.0,0.2,3.9,3.74,2,3
662,8.4,1.5,9.7,0.7,3.7,3.16,2,2
663,7.5,2.8,8.5,3.4,1.8,2.98,1,1
664,8.2,2.4,5.9,4.2,3.3,3.13,2,2
665,7.3,2.7,9.2,0.8,4.0,3.41,1,2
666,9.2,3.2,9.8,1.0,0.8,3.55,2,3
667,7.4,1.6,5.8,3.4,5.8,3.19,2,2
668,7.9,2.4,6.8,0.3,6.6,3.14,1,2
669,5.2,1.7,5.4,3.6,8.1,2.55,2,1
670,9.3,3.5,6.0,3.8,1.4,3.52,2,3
671,6.4,3.2,10.0,0.1,4.3,3.01,1,2
672,9.9,1.9,9.2,0.2,2.8,3.65,2,3
673,6.7,0.3,9.9,4.9,2.2,2.96,1,1
674,5.4,0.8,6.1,2.8,8.9,2.66,0,1
675,6.3,0.4,5.8,0.9,10.6,2.93,2,1
676,6.4,3.2,6.6,1.8,6.0,3.06,1,2
677,6.2,0.5,6.3,2.1,8.9,2.84,1,1
678,6.1,3.2,5.7,2.1,6.9,2.95,2,1
679,9.3,0.6,5.4,2.9,5.8,3.51,2,3
680,9.0,0.5,7.9,3.0,3.6,2.99,2,1
681,5.7,2.5,6.4,2.9,6.5,2.84,0,1
682,6.5,3.3,5.3,2.5,6.4,2.81,2,1
683,7.3,2.9,7.9,3.9,2.0,3.19,1,2
684,6.6,2.2,9.2,5.9,0.1,3.06,1,2
685,9.4,1.5,6.0,2.9,4.2,3.4,2,2
686,7.4,3.4,6.8,5.2,1.2,3.45,1,2
687,7.0,1.3,7.3,4.6,3.8,3.0,1,2
688,9.8,0.7,7.8,3.3,2.4,3.41,2,2
689,7.4,2.6,6.1,3.3,4.6,3.41,1,2
690,5.7,2.3,5.9,1.7,8.4,2.62,2,1
691,6.1,0.7,9.1,1.7,6.4,2.69,1,1
692,6.9,3.2,6.8,0.5,6.6,3.08,1,2
693,7.8,3.4,9.0,0.7,3.1,2.95,1,1
694,6.1,3.5,6.2,1.6,6.6,3.05,1,2
695,5.0,3.5,9.0,3.8,2.7,2.62,0,1
696,7.3,1.4,5.5,2.9,6.9,3.19,2,2
697,9.6,0.2,6.5,1.2,6.5,3.5,2,3
698,7.3,1.9,8.8,0.9,5.1,3.06,1,2
699,7.4,1.7,8.0,6.0,0.9,3.0,1,2
700,9.1,0.7,5.2,1.2,7.8,3.64,2,3
701,6.7,2.0,8.1,5.5,1.7,3.11,1,2
702,5.3,0.1,7.8,2.6,8.2,3.58,0,3
703,9.2,0.6,5.1,2.7,6.4,3.27,2,2
704,8.0,1.1,5.9,2.3,6.7,3.27,2,2
705,9.0,1.6,8.8,0.6,4.0,3.2,2,2
706,8.4,2.3,9.6,1.4,2.3,3.41,2,2
707,5.3,0.1,9.1,3.1,6.4,2.65,0,1
708,6.7,0.1,9.8,4.0,3.4,3.15,1,2
709,9.7,1.1,8.1,3.5,1.6,3.63,2,3
710,9.7,3.5,8.7,0.6,1.5,3.36,2,2
711,6.4,3.9,5.1,4.3,4.3,3.14,2,2
712,10.0,1.2,6.7,0.5,5.6,3.79,2,3
713,7.2,1.0,6.7,5.0,4.1,3.21,1,2
714,5.3,0.4,5.8,3.6,8.9,2.76,2,1
715,5.8,3.9,7.2,3.0,4.1,2.83,0,1
716,8.3,3.0,8.8,2.3,1.6,2.92,2,1
717,9.5,3.3,8.8,0.1,2.3,3.24,2,2
718,7.0,3.5,9.5,3.6,0.4,3.4,1,2
719,6.6,2.8,6.4,1.1,7.1,2.88,1,1
720,7.1,3.3,5.6,4.4,3.6,2.85,2,1
721,7.7,1.2,7.5,1.8,5.8,2.88,1,1
722,5.8,0.5,7.7,5.4,4.6,3.27,0,2
723,6.7,2.9,8.3,5.6,0.5,3.06,1,2
724,8.3,3.6,7.0,1.7,3.4,3.5,2,3
725,5.1,3.3,9.0,0.6,6.0,2.54,0,1
726,5.6,3.9,6.1,0.4,8.0,3.32,0,2
727,8.0,3.0,5.2,4.0,3.8,3.01,2,2
728,5.9,2.3,6.5,5.6,3.7,2.9,0,1
729,9.1,3.9,6.3,4.6,0.1,2.98,2,1
730,5.3,0.2,8.5,2.7,7.3,2.62,0,1
731,6.1,2.5,6.3,3.5,5.6,3.13,1,2
732,9.1,1.9,6.8,2.2,4.0,3.27,2,2
733,9.0,1.3,6.0,0.5,7.2,3.05,2,2
734,9.2,0.9,6.9,4.9,2.1,2.81,2,1
735,9.1,1.5,7.3,1.8,4.3,3.4,2,2
736,7.7,0.1,7.4,2.4,6.4,3.24,1,2
737,5.8,2.6,9.9,3.2,2.5,2.8,0,1
738,7.1,0.5,8.1,5.6,2.7,3.1,1,2
739,8.3,0.3,6.8,3.3,5.3,3.48,2,2
740,9.1,2.4,6.9,1.4,4.2,3.3,2,2
741,5.5,1.4,7.1,4.1,5.9,2.71,0,1
742,7.0,0.7,5.8,5.0,5.5,3.09,2,2
743,5.2,1.7,5.8,5.3,6.0,2.48,2,1
744,7.5,2.9,9.8,0.8,3.0,3.19,1,2
745,9.4,3.7,9.6,0.8,0.5,3.16,2,2
746,8.8,2.1,8.4,2.0,2.7,3.66,2,3
747,8.7,3.3,5.7,5.0,1.3,3.55,2,3
748,7.2,1.5,9.6,1.4,4.3,3.11,1,2
749,9.2,1.9,7.6,1.6,3.7,3.02,2,2
750,5.2,1.1,5.0,5.9,6.8,2.93,2,1
751,9.8,1.6,8.6,1.4,2.6,3.68,2,3
752,9.7,1.6,8.9,1.0,2.8,3.57,2,3
753,10.0,0.1,8.0,3.9,2.0,3.35,2,2
754,9.7,0.7,8.1,1.2,4.3,3.53,2,3
755,6.5,2.2,7.1,1.0,7.2,2.91,1,1
756,8.8,3.6,5.4,2.4,3.8,3.08,2,2
757,5.5,0.1,8.3,3.6,6.5,2.73,0,1
758,5.1,3.3,9.9,0.8,4.9,2.64,0,1
759,6.2,3.5,9.6,2.0,2.7,2.55,1,1
760,5.1,2.3,5.1,4.7,6.8,3.03,2,2
761,6.5,0.2,7.9,2.4,7.0,2.98,1,1
762,6.4,2.8,6.4,5.4,3.0,3.05,1,2
763,6.9,2.2,5.3,2.6,7.0,3.12,2,2
764,6.1,0.9,9.1,5.6,2.3,3.01,1,2
765,5.5,1.8,6.7,5.2,4.8,2.24,0,1
766,6.7,1.6,7.6,1.0,7.1,2.93,1,1
767,7.9,3.2,8.8,0.6,3.5,3.09,1,2
768,6.8,1.6,8.4,0.3,6.9,2.88,1,1
769,5.2,1.6,8.5,1.2,7.5,2.52,0,1
770,9.4,3.6,6.5,1.0,3.5,3.57,2,3
771,7.1,1.0,8.4,5.0,2.5,3.26,1,2
772,7.0,0.6,8.7,2.2,5.5,3.15,1,2
773,8.4,1.1,5.4,6.0,3.1,3.44,2,2
774,9.3,1.2,7.3,3.7,2.5,3.76,2,3
775,7.1,1.7,6.7,3.4,5.1,2.99,1,1
776,9.7,2.8,9.1,1.3,1.1,3.54,2,3
777,8.9,0.1,9.1,0.2,5.7,3.14,2,2
778,8.8,1.0,9.3,0.5,4.4,3.18,2,2
779,5.6,3.9,8.4,5.1,1.0,3.08,0,2
780,8.0,2.4,8.4,3.0,2.2,2.96,1,1
781,7.1,1.1,8.8,1.4,5.6,2.85,1,1
782,8.1,3.0,6.1,0.4,6.4,3.37,2,2
783,5.7,2.4,9.2,0.3,6.4,2.69,0,1
784,7.4,3.7,6.7,2.8,3.4,3.36,1,2
785,5.1,0.3,6.3,0.2,12.1,2.55,0,1
786,7.7,0.7,6.5,4.0,5.1,3.54,1,3
787,9.8,0.2,9.5,2.6,1.9,3.47,2,2
788,5.3,0.4,8.0,2.0,8.3,3.37,0,2
789,9.6,1.6,5.7,4.3,2.8,3.49,2,2
790,8.5,3.6,9.0,2.0,0.9,2.9,2,1
791,8.4,3.8,6.5,0.0,5.3,3.08,2,2
792,8.3,2.5,8.0,0.1,5.1,3.1,2,2
793,8.6,1.3,8.3,3.2,2.6,3.11,2,2
794,5.5,3.3,9.6,3.6,2.0,2.75,0,1
795,5.5,1.6,8.6,4.7,3.6,2.64,0,1
796,6.3,0.1,7.7,5.1,4.8,3.22,1,2
797,9.8,2.3,7.6,0.4,3.9,3.04,2,2
798,8.0,1.6,6.2,0.6,7.6,3.38,1,2
799,6.6,0.4,5.9,5.9,5.2,3.27,2,2
800,9.4,4.0,7.9,2.2,0.5,2.91,2,1
801,6.6,1.2,7.0,4.0,5.2,2.76,1,1
802,5.7,2.5,5.6,3.5,6.7,3.08,2,2
803,8.5,2.8,8.8,3.4,0.5,3.63,2,3
804,8.1,0.7,5.1,1.7,8.4,3.21,2,2
805,7.2,2.5,9.2,1.0,4.1,3.07,1,2
806,7.9,2.2,5.4,0.3,8.2,2.99,2,1
807,5.5,2.3,7.7,1.4,7.1,3.05,0,2
808,5.2,2.0,8.4,1.5,6.9,2.88,0,1
809,6.5,2.5,9.5,4.5,1.0,3.29,1,2
810,6.8,2.6,7.3,1.1,6.2,3.13,1,2
811,8.5,2.2,6.8,5.5,1.0,3.07,2,2
812,8.4,1.6,8.8,2.4,2.8,3.51,2,3
813,7.1,3.7,6.3,0.7,6.2,3.15,1,2
814,6.9,0.2,6.7,3.0,7.2,3.05,1,2
815,5.8,2.6,10.0,2.5,3.1,2.64,0,1
816,5.6,3.5,7.1,2.3,5.5,2.5,0,1
817,8.3,1.8,8.2,0.4,5.3,3.33,2,2
818,5.8,1.9,8.0,3.5,4.8,2.9,0,1
819,7.0,1.4,5.6,2.4,7.6,3.15,2,2
820,6.0,0.2,7.8,3.6,6.4,2.75,1,1
821,9.4,2.3,6.7,4.5,1.1,3.25,2,2
822,7.8,3.6,7.0,1.7,3.9,3.19,1,2
823,5.7,0.6,7.2,3.6,6.9,2.96,0,1
824,9.1,0.3,7.4,3.8,3.4,3.66,2,3
825,9.1,3.1,6.4,5.1,0.3,3.45,2,2
826,7.9,3.7,8.4,1.9,2.1,2.68,1,1
827,9.0,3.8,5.1,5.9,0.2,3.22,2,2
828,7.2,2.6,6.9,0.3,7.0,3.0,1,2
829,8.0,3.6,6.9,1.2,4.3,3.08,1,2
830,9.1,3.3,7.9,1.3,2.4,3.35,2,2
831,9.0,2.2,9.1,2.3,1.4,3.44,2,2
832,7.1,3.8,7.7,3.3,2.1,3.33,1,2
833,6.1,2.5,7.9,1.1,6.4,2.94,1,1
834,8.8,2.1,6.1,4.0,3.0,3.2,2,2
835,5.4,1.8,5.8,1.1,9.9,2.71,2,1
836,5.3,1.6,7.6,2.9,6.6,2.54,0,1
837,6.9,3.4,5.7,3.0,5.0,3.37,2,2
838,9.4,2.2,9.8,0.1,2.5,3.79,2,3
839,5.5,0.2,5.9,3.2,9.2,2.74,2,1
840,9.7,3.4,6.5,0.3,4.1,3.48,2,2
841,5.8,0.5,5.6,3.1,9.0,2.73,2,1
842,9.9,2.7,9.7,0.2,1.5,3.23,2,2
843,6.9,2.2,5.4,0.0,9.5,3.27,2,2
844,7.1,2.0,7.1,0.1,7.7,3.34,1,2
845,6.7,0.7,5.5,5.7,5.4,3.31,2,2
846,6.6,1.6,6.2,0.6,9.0,3.12,1,2
847,5.9,3.2,8.4,3.3,3.2,3.05,0,2
848,5.4,1.1,6.7,4.7,6.1,2.8,0,1
849,10.0,1.0,9.4,3.0,0.6,3.4,2,2
850,7.0,3.9,5.9,4.8,2.4,2.78,2,1
851,6.7,2.9,7.1,3.5,3.8,3.09,1,2
852,9.3,0.2,8.5,0.8,5.2,3.49,2,2
853,7.1,2.2,7.0,3.1,4.6,2.87,1,1
854,5.7,0.6,9.7,5.3,2.7,3.18,0,2
855,9.5,4.0,6.0,1.6,2.9,3.39,2,2
856,7.1,1.4,8.0,3.5,4.0,3.48,1,2
857,5.8,1.9,7.8,3.4,5.1,3.01,0,2
858,5.1,1.4,8.9,3.4,5.2,2.6,0,1
859,6.3,2.8,7.8,4.8,2.3,3.08,1,2
860,7.4,0.5,6.3,2.5,7.3,3.4,1,2
861,8.0,2.1,6.4,0.0,7.5,2.83,1,1
862,8.7,0.1,7.9,5.6,1.7,3.3,2,2
863,5.9,1.9,5.5,3.8,6.9,2.45,2,1
864,7.6,3.6,6.0,0.1,6.7,3.38,1,2
865,9.3,2.3,9.5,1.7,1.2,3.34,2,2
866,8.7,3.7,7.9,0.7,3.0,3.57,2,3
867,6.3,0.8,6.2,1.8,8.9,3.37,1,2
868,7.1,2.5,5.4,0.5,8.5,3.33,2,2
869,5.9,2.1,6.1,1.7,8.2,3.13,0,2
870,5.1,2.6,8.3,4.8,3.2,2.69,0,1
871,9.7,0.1,5.8,5.3,3.1,3.92,2,3
872,8.3,2.7,9.7,3.3,0.0,2.95,2,1
873,8.6,1.1,9.4,0.2,4.7,3.36,2,2
874,6.3,0.9,5.7,5.2,5.9,2.9,2,1
875,7.5,2.7,6.2,4.5,3.1,2.97,1,1
876,7.1,0.8,9.9,3.9,2.3,3.28,1,2
877,9.7,1.2,8.9,3.2,1.0,3.26,2,2
878,8.4,2.9,7.9,1.0,3.8,3.2,2,2
879,7.5,1.2,7.1,3.9,4.3,2.96,1,1
880,7.0,1.1,6.0,4.7,5.2,3.2,1,2
881,9.5,1.5,8.8,3.8,0.4,3.36,2,2
882,9.8,1.5,6.7,0.4,5.6,3.54,2,3
883,7.4,0.4,6.2,1.9,8.1,3.16,1,2
884,6.5,3.4,9.3,3.7,1.1,3.02,1,2
885,5.7,2.8,9.7,4.0,1.8,2.86,0,1
886,8.2,2.0,5.6,1.9,6.3,2.81,2,1
887,9.0,3.4,5.7,5.6,0.3,3.59,2,3
888,8.8,3.2,9.7,0.7,1.6,3.07,2,2
889,9.3,0.5,8.5,4.2,1.5,3.17,2,2
890,9.4,0.7,5.3,4.3,4.3,3.57,2,3
891,7.4,3.4,6.9,1.0,5.3,3.15,1,2
892,5.9,2.9,7.6,3.6,4.0,3.13,0,2
893,7.3,3.3,9.1,3.1,1.2,3.34,1,2
894,6.8,3.5,8.6,0.6,4.5,3.23,1,2
895,7.0,3.5,5.2,5.8,2.5,3.26,2,2
896,6.4,1.0,9.7,1.8,5.1,3.25,1,2
897,8.9,1.6,5.7,0.1,7.7,3.42,2,2
898,6.8,1.4,6.7,3.1,6.0,3.03,1,2
899,7.2,3.5,7.5,2.9,2.9,3.04,1,2
900,8.3,2.4,7.1,2.5,3.7,3.22,2,2
901,8.9,0.8,9.1,3.4,1.8,3.1,2,2
902,6.3,3.0,7.6,1.9,5.2,2.48,1,1
903,8.0,4.0,7.2,4.4,0.4,3.11,1,2
904,6.0,1.7,6.1,0.0,10.2,2.87,1,1
905,9.6,3.4,8.7,0.4,1.9,3.5,2,3
906,7.2,0.5,7.6,2.1,6.6,3.11,1,2
907,6.9,2.5,8.6,0.7,5.3,3.29,1,2
908,6.7,1.8,8.4,3.1,4.0,2.92,1,1
909,9.3,3.5,5.0,4.7,1.5,3.45,2,2
910,7.4,3.9,8.8,1.0,2.9,3.11,1,2
911,7.7,4.0,9.3,0.3,2.7,2.96,1,1
912,5.0,1.6,6.2,4.9,6.3,3.01,0,2
913,6.7,3.3,5.0,1.8,7.2,2.85,2,1
914,5.3,0.7,7.8,1.7,8.5,2.64,0,1
915,7.1,1.5,9.4,5.4,0.6,2.65,1,1
916,5.5,3.8,5.3,1.8,7.6,2.81,2,1
917,6.5,1.3,5.8,4.7,5.7,3.04,2,2
918,5.6,0.3,9.5,1.1,7.5,2.66,0,1
919,9.1,2.2,5.4,5.7,1.6,3.48,2,2
920,5.8,3.4,5.1,3.1,6.6,2.79,2,1
921,8.8,3.7,9.5,1.6,0.4,3.29,2,2
922,6.4,1.2,6.9,2.4,7.1,3.0,1,2
923,7.7,0.6,8.5,1.0,6.2,3.16,1,2
924,9.0,3.0,8.2,0.6,3.2,2.96,2,1
925,7.7,0.3,6.9,2.5,6.6,3.08,1,2
926,5.9,1.6,9.7,0.8,6.0,2.86,0,1
927,8.8,0.4,9.9,1.9,3.0,3.19,2,2
928,8.1,0.8,5.7,5.6,3.8,3.45,2,2
929,9.6,3.5,8.1,2.3,0.5,3.4,2,2
930,6.6,2.5,6.8,0.9,7.2,2.88,1,1
931,8.0,3.3,6.9,0.8,5.0,3.08,1,2
932,6.5,2.6,8.0,4.2,2.7,2.83,1,1
933,6.8,3.3,6.0,2.8,5.1,2.92,1,1
934,5.5,3.5,6.7,4.1,4.2,2.92,0,1
935,5.1,2.8,6.6,0.3,9.2,2.49,0,1
936,6.9,0.3,5.7,1.8,9.3,3.15,2,2
937,5.4,3.6,5.0,2.9,7.1,2.74,2,1
938,9.6,0.6,9.8,0.8,3.2,3.29,2,2
939,8.7,2.2,9.4,2.0,1.7,3.03,2,2
940,5.8,3.7,6.6,2.2,5.7,2.9,0,1
941,8.8,1.4,9.8,3.0,1.0,3.51,2,3
942,5.2,1.0,7.3,1.4,9.1,2.83,0,1
943,8.7,3.7,7.1,1.5,3.0,3.29,2,2
944,7.4,1.4,9.5,3.2,2.5,3.22,1,2
945,8.8,3.2,6.7,2.3,3.0,3.24,2,2
946,9.0,3.8,8.1,2.3,0.8,3.55,2,3
947,9.0,3.4,7.0,0.2,4.4,3.68,2,3
948,7.3,3.0,6.8,3.8,3.1,2.91,1,1
949,5.9,3.0,7.7,1.2,6.2,3.09,0,2
950,7.4,0.9,9.8,4.2,1.7,2.94,1,1
951,9.8,1.7,7.4,4.6,0.5,3.84,2,3
952,6.3,1.8,5.6,1.2,9.1,2.99,2,1
953,5.0,0.2,9.9,1.5,7.4,2.94,0,1
954,7.8,0.6,8.6,3.6,3.4,3.26,1,2
955,8.7,3.1,9.9,1.3,1.0,3.55,2,3
956,5.3,3.6,5.6,2.0,7.5,2.53,2,1
957,9.1,2.4,7.0,2.6,2.9,3.28,2,2
958,9.3,0.4,8.9,4.6,0.8,3.58,2,3
959,5.9,1.7,5.8,4.2,6.4,3.32,2,2
960,6.0,0.8,5.2,1.9,10.1,3.01,2,2
961,7.8,3.4,8.3,2.0,2.5,3.18,1,2
962,6.3,0.2,8.6,0.7,8.2,3.1,1,2
963,6.5,2.1,7.8,3.6,4.0,2.9,1,1
964,8.1,3.9,8.6,3.1,0.3,2.99,2,1
965,8.8,2.4,6.0,4.0,2.8,3.59,2,3
966,7.4,2.1,6.7,3.1,4.7,3.44,1,2
967,6.0,3.2,5.9,0.5,8.4,3.28,2,2
968,7.2,1.1,7.8,2.1,5.8,2.93,1,1
969,9.7,3.7,7.5,1.0,2.1,3.04,2,2
970,9.6,0.0,7.8,4.4,2.2,3.38,2,2
971,7.4,0.3,9.9,3.1,3.3,2.84,1,1
972,7.4,1.7,5.4,0.6,8.9,3.23,2,2
973,9.2,1.0,6.0,3.0,4.8,3.18,2,2
974,5.2,0.2,9.2,0.7,8.7,2.82,0,1
975,5.2,1.8,9.2,1.6,6.2,2.68,0,1
976,7.2,2.3,7.9,2.0,4.6,3.06,1,2
977,6.6,0.4,6.8,0.6,9.6,3.31,1,2
978,6.4,2.5,7.3,2.9,4.9,3.12,1,2
979,8.8,1.1,6.6,5.5,2.0,3.32,2,2
980,9.6,2.4,7.7,1.1,3.2,3.3,2,2
981,6.7,3.4,7.8,3.1,3.0,2.98,1,1
982,8.0,0.3,8.4,5.6,1.7,3.28,1,2
983,7.9,0.5,7.9,4.6,3.1,3.38,1,2
984,8.2,3.6,8.1,0.5,3.6,3.18,2,2
985,6.5,0.8,9.5,4.6,2.6,2.74,1,1
986,5.9,3.0,7.4,1.4,6.3,3.1,0,2
987,8.1,0.2,6.6,2.8,6.3,3.14,2,2
988,6.0,3.1,7.1,3.4,4.4,2.84,1,1
989,5.1,0.1,7.2,4.9,6.7,2.94,0,1
990,6.9,3.3,5.7,5.6,2.5,3.05,2,2
991,8.8,3.8,8.4,1.1,1.9,3.3,2,2
992,6.7,2.8,8.8,5.3,0.4,3.05,1,2
993,6.0,3.2,8.7,0.4,5.7,2.6,1,1
994,6.5,3.9,8.2,3.9,1.5,2.82,1,1
995,9.9,1.5,9.0,1.6,2.0,3.44,2,2
996,9.7,0.9,6.6,4.5,2.3,3.5,2,3
997,7.0,2.4,7.2,4.5,2.9,3.0,1,2
998,5.8,1.4,7.0,0.3,9.5,2.49,0,1
999,7.9,3.5,5.8,3.6,3.2,3.01,2,2
1000,8.5,1.6,7.5,0.0,6.4,3.63,2,3
1001,8.5,2.6,5.2,2.2,5.5,3.26,2,2
1002,7.5,3.6,8.6,2.5,1.8,3.19,1,2
1003,9.0,3.5,7.3,2.0,2.2,3.43,2,2
1004,8.5,0.3,9.3,2.8,3.1,3.26,2,2
1005,5.3,2.2,7.1,5.3,4.1,2.9,0,1
1006,7.8,0.2,9.9,3.1,3.0,3.07,1,2
1007,6.5,1.9,9.3,1.8,4.5,2.92,1,1
1008,6.5,3.1,7.4,1.4,5.6,2.93,1,1
1009,5.8,1.3,9.7,2.1,5.1,2.87,0,1
1010,5.9,3.6,7.3,4.3,2.9,2.95,0,1
1011,9.9,0.2,5.5,4.3,4.1,3.32,2,2
1012,5.2,0.1,8.9,0.8,9.0,2.66,0,1
1013,7.3,2.4,7.1,0.2,7.0,3.17,1,2
1014,7.2,2.1,7.4,2.3,5.0,3.13,1,2
1015,9.4,3.6,6.7,2.6,1.7,2.81,2,1
1016,6.4,3.8,5.7,3.5,4.6,3.07,2,2
1017,6.4,1.1,7.0,6.0,3.5,2.98,1,1
1018,5.4,0.6,7.2,3.1,7.7,2.68,0,1
1019,6.3,1.3,5.4,1.8,9.2,3.1,2,2
1020,9.5,0.0,9.1,5.1,0.3,3.05,2,2
1021,5.5,0.6,9.8,3.2,4.9,3.2,0,2
1022,8.7,4.0,6.4,2.6,2.3,3.21,2,2
1023,7.7,1.6,5.8,5.9,3.0,3.15,2,2
1024,8.0,0.9,7.7,4.2,3.2,3.44,1,2
1025,7.6,4.0,8.1,1.6,2.7,3.02,1,2
1026,6.9,1.4,7.2,4.7,3.8,3.14,1,2
1027,7.4,3.2,7.9,1.9,3.6,2.99,1,1
1028,6.1,2.0,6.3,0.1,9.5,3.05,1,2
1029,8.2,2.0,7.2,5.8,0.8,3.45,2,2
1030,5.7,2.3,9.3,3.5,3.2,2.9,0,1
1031,8.6,1.5,5.5,2.7,5.7,3.49,2,2
1032,6.2,3.9,9.8,1.0,3.1,2.87,1,1
1033,6.7,3.6,9.8,1.7,2.2,3.06,1,2
1034,8.4,1.1,8.7,0.3,5.5,2.86,2,1
1035,5.2,1.5,6.8,1.9,8.6,2.38,0,1
1036,6.0,1.2,9.9,2.5,4.4,2.88,1,1
1037,7.2,2.3,9.9,1.1,3.5,3.31,1,2
1038,8.0,0.4,8.4,0.4,6.8,3.39,1,2
1039,8.0,3.0,6.1,5.0,1.9,2.9,1,1
1040,5.7,3.8,5.4,1.2,7.9,2.81,2,1
1041,6.7,2.5,7.7,0.8,6.3,2.81,1,1
1042,6.1,1.6,8.5,1.3,6.5,2.76,1,1
1043,6.8,1.6,9.9,5.4,0.3,2.89,1,1
1044,5.3,1.3,6.3,3.0,8.1,2.94,0,1
1045,8.9,3.4,9.2,0.9,1.6,3.11,2,2
1046,5.3,2.8,5.0,2.5,8.4,3.02,2,2
1047,6.6,2.8,8.8,1.8,4.0,2.87,1,1
1048,7.2,2.9,8.5,5.3,0.1,3.26,1,2
1049,6.1,2.6,8.0,5.5,1.8,3.01,1,2
1050,7.8,1.1,7.4,2.0,5.7,3.04,1,2
1051,7.9,3.6,7.8,3.0,1.7,3.05,1,2
1052,6.2,2.0,6.6,1.1,8.1,2.94,1,1
1053,7.5,1.3,6.3,2.8,6.1,3.21,1,2
1054,5.5,3.1,9.0,4.6,1.8,2.97,0,1
1055,5.6,2.6,9.2,3.5,3.1,2.72,0,1
1056,7.6,0.1,8.2,0.5,7.6,3.56,1,3
1057,7.2,1.2,7.7,0.8,7.1,3.28,1,2
1058,5.8,0.4,5.7,5.3,6.8,3.0,2,2
1059,7.6,1.9,5.5,3.9,5.1,3.17,2,2
1060,8.1,0.3,5.6,0.3,9.7,3.25,2,2
1061,6.3,0.5,6.3,2.3,8.6,2.97,1,1
1062,9.2,2.8,5.6,4.4,2.0,3.5,2,3
1063,6.4,2.6,6.7,6.0,2.3,2.78,1,1
1064,9.7,0.1,8.5,4.1,1.6,3.26,2,2
1065,9.2,3.9,9.9,0.1,0.9,3.48,2,2
1066,8.2,0.5,8.3,5.9,1.1,3.44,2,2
1067,9.6,1.8,5.2,2.2,5.2,3.55,2,3
1068,7.3,0.2,7.1,2.8,6.6,3.27,1,2
1069,9.6,2.6,6.6,2.7,2.5,3.37,2,2
1070,6.8,2.7,8.3,4.3,1.9,2.58,1,1
1071,6.3,1.3,5.6,3.9,6.9,2.97,2,1
1072,9.3,3.6,7.2,1.8,2.1,3.3,2,2
1073,5.4,2.7,9.1,1.5,5.3,3.04,0,2
1074,9.4,1.0,7.8,1.1,4.7,3.36,2,2
1075,5.5,3.6,9.1,4.4,1.4,2.44,0,1
1076,7.7,0.4,8.8,3.5,3.6,3.0,1,2
1077,5.9,0.8,5.9,0.3,11.1,3.11,2,2
1078,5.1,0.2,7.9,4.9,5.9,2.82,0,1
1079,6.6,1.4,8.0,1.6,6.4,3.23,1,2
1080,8.7,2.7,6.0,2.1,4.5,3.67,2,3
1081,5.6,0.5,8.4,5.2,4.3,2.86,0,1
1082,5.9,0.4,9.1,3.5,5.1,2.96,0,1
1083,8.1,3.1,8.5,3.6,0.7,3.12,2,2
1084,8.2,1.3,9.8,0.2,4.5,3.38,2,2
1085,7.9,0.7,8.6,1.1,5.7,3.18,1,2
1086,9.6,0.8,5.7,4.6,3.3,3.12,2,2
1087,7.5,3.6,5.7,3.9,3.3,3.01,2,2
1088,8.4,2.4,8.8,1.4,3.0,3.17,2,2
1089,7.2,1.6,9.9,1.5,3.8,2.89,1,1
1090,7.8,1.0,9.6,1.5,4.1,2.9,1,1
1091,9.5,0.4,8.3,5.3,0.5,3.56,2,3
1092,8.4,1.2,5.9,1.8,6.7,3.25,2,2
1093,5.5,0.6,5.5,2.5,9.9,2.74,2,1
1094,5.7,2.6,6.0,0.6,9.1,2.92,0,1
1095,5.8,3.7,9.1,1.9,3.5,2.97,0,1
1096,8.4,2.7,8.1,1.3,3.5,3.68,2,3
1097,5.2,1.8,9.5,3.4,4.1,2.88,0,1
1098,8.4,3.9,9.9,1.2,0.6,3.08,2,2
1099,6.2,3.2,5.5,4.7,4.4,2.89,2,1
1100,8.2,1.7,7.2,1.9,5.0,3.38,2,2
1101,8.8,3.7,9.7,0.3,1.5,3.39,2,2
1102,6.3,0.3,6.3,5.5,5.6,3.06,1,2
1103,8.2,2.9,6.3,4.3,2.3,3.21,2,2
1104,8.1,0.6,9.1,1.4,4.8,3.15,2,2
1105,8.3,1.6,8.0,0.6,5.5,3.4,2,2
1106,10.0,0.8,6.3,4.0,2.9,3.39,2,2
1107,9.8,3.7,7.5,2.4,0.6,3.35,2,2
1108,6.4,3.3,6.9,0.5,6.9,2.9,1,1
1109,6.7,3.9,8.1,2.2,3.1,2.89,1,1
1110,5.4,0.2,5.6,3.5,9.3,2.98,2,1
1111,9.6,2.0,9.2,1.4,1.8,3.64,2,3
1112,5.9,1.4,8.2,0.4,8.1,3.07,0,2
1113,6.8,2.1,10.0,2.4,2.7,2.96,1,1
1114,9.0,2.4,9.4,1.3,1.9,3.61,2,3
1115,8.0,2.5,7.1,0.9,5.5,3.13,1,2
1116,6.1,2.9,6.6,3.0,5.4,3.01,1,2
1117,5.8,3.8,9.3,4.4,0.7,3.16,0,2
1118,5.7,0.0,5.1,3.5,9.7,2.75,2,1
1119,7.3,2.1,5.0,2.5,7.1,3.0,2,2
1120,8.7,0.9,9.1,3.1,2.2,3.65,2,3
1121,6.1,0.9,8.1,5.0,3.9,2.61,1,1
1122,9.3,2.7,7.2,2.3,2.5,3.29,2,2
1123,6.0,2.5,6.8,6.0,2.7,2.5,1,1
1124,7.8,3.7,9.0,1.6,1.9,2.6,1,1
1125,8.6,2.3,7.5,1.1,4.5,2.97,2,1
1126,9.6,1.3,9.8,1.8,1.5,3.39,2,2
1127,8.2,2.2,5.6,2.3,5.7,3.28,2,2
1128,7.2,3.1,6.1,1.0,6.6,2.92,1,1
1129,7.0,3.7,8.6,2.0,2.7,2.88,1,1
1130,9.9,2.7,6.4,2.9,2.1,3.49,2,2
1131,5.5,3.9,5.9,3.9,4.8,2.99,2,1
1132,8.9,2.7,8.1,3.8,0.5,3.14,2,2
1133,5.4,1.3,6.2,5.9,5.2,3.1,0,2
1134,8.4,0.8,6.2,1.7,6.9,3.12,2,2
1135,7.1,0.9,5.1,5.3,5.6,3.05,2,2
1136,6.7,0.0,8.4,5.0,3.9,3.05,1,2
1137,5.7,0.6,9.0,3.7,5.0,2.88,0,1
1138,6.5,1.5,8.8,4.9,2.3,2.88,1,1
1139,7.0,3.8,7.0,4.6,1.6,3.24,1,2
1140,9.5,0.3,9.7,3.7,0.8,3.42,2,2
1141,9.0,0.8,9.0,4.4,0.8,3.37,2,2
1142,5.2,0.6,7.7,3.5,7.0,2.77,0,1
1143,8.2,0.1,9.8,0.3,5.6,3.37,2,2
1144,8.3,3.3,5.1,3.3,4.0,3.27,2,2
1145,7.3,2.0,5.4,4.1,5.2,3.41,2,2
1146,7.4,0.6,8.2,1.0,6.8,3.11,1,2
1147,9.4,2.5,5.8,5.8,0.5,3.25,2,2
1148,8.1,1.0,9.0,4.8,1.1,3.22,2,2
1149,9.9,2.0,7.3,3.6,1.2,3.51,2,3
1150,7.7,0.4,7.1,5.1,3.7,2.94,1,1
1151,9.3,0.4,5.5,1.6,7.2,3.29,2,2
1152,8.1,1.4,8.9,1.3,4.3,3.27,2,2
1153,8.2,0.9,8.6,5.2,1.1,3.03,2,2
1154,7.1,0.6,8.5,4.6,3.2,3.11,1,2
1155,5.5,2.0,9.1,5.6,1.8,2.95,0,1
1156,7.7,1.6,9.2,2.7,2.8,3.16,1,2
1157,7.4,2.0,9.2,4.5,0.9,2.77,1,1
1158,7.5,2.3,6.2,4.8,3.2,2.93,1,1
1159,7.4,1.3,5.5,1.4,8.4,3.09,2,2
1160,5.8,1.8,6.5,0.2,9.7,2.92,0,1
1161,6.6,2.2,7.8,2.1,5.3,3.09,1,2
1162,6.9,1.0,6.2,2.7,7.2,3.02,1,2
1163,8.8,0.8,8.5,0.1,5.8,3.61,2,3
1164,6.7,2.3,6.0,4.5,4.5,2.92,1,1
1165,5.3,3.4,6.0,5.2,4.1,3.06,0,2
1166,6.6,3.6,5.6,1.1,7.1,2.82,2,1
1167,7.5,0.3,6.0,5.7,4.5,3.11,1,2
1168,9.6,2.2,6.3,4.1,1.8,3.49,2,2
1169,8.3,4.0,6.3,3.6,1.8,3.36,2,2
1170,7.5,1.2,5.8,1.7,7.8,3.25,2,2
1171,6.9,3.0,7.7,0.5,5.9,3.17,1,2
1172,8.2,3.2,7.3,1.9,3.4,3.2,2,2
1173,5.5,3.5,8.9,1.0,5.1,2.3,0,1
1174,8.1,3.8,7.9,2.3,1.9,3.72,2,3
1175,5.3,0.3,5.9,0.2,12.3,2.97,2,1
1176,5.7,3.3,5.8,1.8,7.4,3.04,2,2
1177,6.2,1.5,6.3,2.9,7.1,2.97,1,1
1178,5.3,0.6,5.3,3.8,9.0,2.79,2,1
1179,5.3,3.3,7.6,3.2,4.6,2.55,0,1
1180,6.0,1.3,8.0,1.3,7.4,2.95,1,1
1181,5.6,3.9,5.1,4.8,4.6,2.7,2,1
1182,5.7,0.6,8.5,3.9,5.3,3.05,0,2
1183,8.9,3.7,8.5,0.5,2.4,3.46,2,2
1184,6.0,0.3,8.5,2.4,6.8,2.81,1,1
1185,9.6,2.6,5.5,5.7,0.6,3.28,2,2
1186,7.0,0.2,7.5,0.7,8.6,2.81,1,1
1187,7.0,1.4,8.9,4.8,1.9,2.97,1,1
1188,6.9,0.6,9.0,4.2,3.3,2.83,1,1
1189,6.0,1.5,5.5,3.8,7.2,2.8,2,1
1190,7.9,3.6,7.8,0.8,3.9,3.45,1,2
1191,6.9,3.4,8.2,3.6,1.9,3.37,1,2
1192,8.8,2.4,5.8,4.8,2.2,3.38,2,2
1193,8.6,0.3,7.3,1.0,6.8,3.51,2,3
1194,8.1,2.7,9.2,0.9,3.1,2.78,2,1
1195,5.6,3.4,5.8,5.8,3.4,2.84,2,1
1196,9.9,0.4,6.5,3.8,3.4,3.73,2,3
1197,6.8,3.7,5.3,3.3,4.9,3.37,2,2
1198,6.3,1.5,9.2,1.2,5.8,3.15,1,2
1199,9.1,2.3,8.8,2.7,1.1,3.43,2,2
1200,9.3,1.7,9.8,1.4,1.8,3.12,2,2
1201,5.7,1.6,9.8,1.9,5.0,2.72,0,1
1202,8.6,1.2,8.9,2.3,3.0,3.24,2,2
1203,7.4,3.1,6.9,2.7,3.9,2.82,1,1
1204,7.6,3.2,6.8,3.1,3.3,2.87,1,1
1205,8.4,1.1,6.4,5.6,2.5,3.37,2,2
1206,8.2,0.1,8.1,3.1,4.5,3.56,2,3
1207,7.7,1.4,5.4,1.2,8.3,3.13,2,2
1208,7.3,0.2,5.2,4.3,7.0,3.21,2,2
1209,7.7,2.0,6.2,4.5,3.6,3.07,1,2
1210,7.3,1.1,6.2,3.9,5.5,3.0,1,2
1211,8.3,3.3,7.1,0.4,4.9,3.56,2,3
1212,5.0,2.1,5.2,3.4,8.3,2.9,2,1
1213,9.6,3.9,7.7,1.3,1.5,3.47,2,2
1214,5.3,1.9,6.2,2.8,7.8,2.87,0,1
1215,7.3,2.3,6.8,1.0,6.6,3.35,1,2
1216,8.3,1.4,9.7,4.2,0.4,3.25,2,2
1217,6.0,0.2,8.7,5.0,4.1,3.04,1,2
1218,5.1,1.0,7.3,3.8,6.8,3.24,0,2
1219,7.8,3.0,6.4,3.4,3.4,3.14,1,2
1220,8.8,2.8,10.0,0.7,1.7,3.16,2,2
1221,7.5,1.3,7.2,5.1,2.9,3.27,1,2
1222,6.0,3.5,5.3,5.3,3.9,2.97,2,1
1223,6.6,1.3,7.6,5.6,2.9,2.96,1,1
1224,9.3,1.6,6.0,2.5,4.6,3.31,2,2
1225,6.9,3.7,8.8,2.3,2.3,3.03,1,2
1226,5.3,1.0,7.2,0.9,9.6,2.85,0,1
1227,9.7,3.1,6.3,2.9,2.0,3.5,2,3
1228,9.4,2.1,8.9,2.0,1.6,3.43,2,2
1229,7.8,0.5,5.6,3.2,6.9,3.36,2,2
1230,9.8,1.9,5.3,3.3,3.7,3.93,2,3
1231,9.2,4.0,7.2,1.2,2.4,3.1,2,2
1232,5.2,1.4,6.3,4.1,7.0,3.12,0,2
1233,9.7,1.1,9.1,0.2,3.9,3.3,2,2
1234,9.7,3.1,8.3,2.4,0.5,3.47,2,2
1235,8.2,3.9,8.6,3.1,0.2,3.02,2,2
1236,7.6,0.5,8.0,2.9,5.0,3.15,1,2
1237,8.1,0.0,6.0,2.9,7.0,3.19,2,2
1238,7.1,2.9,8.0,1.8,4.2,3.17,1,2
1239,7.1,0.9,9.8,0.8,5.4,3.01,1,2
1240,6.1,3.1,6.0,0.5,8.3,2.9,1,1
1241,7.4,0.0,5.4,4.8,6.4,3.14,2,2
1242,9.3,2.7,5.3,4.7,2.0,3.41,2,2
1243,9.2,3.2,7.5,1.0,3.1,3.48,2,2
1244,9.9,0.6,6.1,1.3,6.1,3.63,2,3
1245,9.0,0.7,5.3,6.0,3.0,3.56,2,3
1246,7.8,3.6,9.6,0.0,3.0,3.09,1,2
1247,5.4,1.0,8.3,5.3,4.0,3.27,0,2
1248,5.9,3.2,9.8,1.4,3.7,2.71,0,1
1249,7.5,0.3,7.8,3.0,5.4,3.09,1,2
1250,6.7,2.1,7.9,0.1,7.2,2.78,1,1
1251,8.8,2.9,6.8,0.3,5.2,3.17,2,2
1252,5.9,2.3,5.8,2.1,7.9,2.66,2,1
1253,8.5,2.2,6.9,2.5,3.9,3.25,2,2
1254,5.4,3.5,5.4,4.2,5.5,2.81,2,1
1255,9.6,1.1,6.9,3.4,3.0,3.37,2,2
1256,8.3,1.6,7.4,0.3,6.4,3.29,2,2
1257,6.0,3.2,7.3,1.8,5.7,3.11,1,2
1258,8.7,1.1,5.6,1.5,7.1,3.24,2,2
1259,9.6,2.3,7.7,2.6,1.8,3.67,2,3
1260,7.6,0.5,5.6,3.2,7.1,3.04,2,2
1261,9.7,1.2,9.3,2.9,0.9,3.51,2,3
1262,6.0,1.5,7.5,4.4,4.6,2.8,1,1
1263,5.6,1.6,7.4,3.2,6.2,2.75,0,1
1264,9.0,2.8,7.8,3.1,1.3,3.43,2,2
1265,7.1,0.6,8.3,3.1,4.9,2.79,1,1
1266,9.5,2.3,5.4,2.7,4.1,3.67,2,3
1267,8.8,3.2,7.5,4.0,0.5,3.2,2,2
1268,9.5,3.6,8.4,2.1,0.4,3.11,2,2
1269,5.4,3.5,6.6,1.1,7.4,2.72,0,1
1270,6.3,1.3,5.7,1.8,8.9,2.65,2,1
1271,7.9,1.8,6.7,4.5,3.1,3.24,1,2
1272,6.7,3.0,5.8,0.8,7.7,3.09,2,2
1273,6.7,3.2,6.2,0.4,7.5,2.74,1,1
1274,7.8,2.1,8.3,1.4,4.4,3.31,1,2
1275,9.3,1.2,8.5,0.1,4.9,3.1,2,2
1276,7.7,0.3,9.0,1.3,5.7,2.9,1,1
1277,8.4,3.2,7.8,3.4,1.2,3.02,2,2
1278,9.0,1.2,7.9,4.4,1.5,3.62,2,3
1279,6.9,1.2,7.3,4.9,3.7,3.05,1,2
1280,8.3,3.6,5.5,1.4,5.2,3.4,2,2
1281,8.5,3.3,9.3,1.2,1.7,3.25,2,2
1282,6.2,1.2,8.9,0.5,7.2,2.76,1,1
1283,9.1,1.7,8.0,0.5,4.7,3.23,2,2
1284,9.8,3.2,7.3,0.8,2.9,3.42,2,2
1285,9.7,1.4,5.8,3.4,3.7,3.67,2,3
1286,7.4,4.0,8.4,0.3,3.9,3.15,1,2
1287,10.0,1.6,6.4,3.3,2.7,3.39,2,2
1288,5.0,1.8,9.2,3.4,4.6,2.7,0,1
1289,10.0,1.1,6.4,1.0,5.5,3.4,2,2
1290,9.0,3.6,9.9,0.3,1.2,3.19,2,2
1291,9.4,1.3,5.6,5.2,2.5,3.2,2,2
1292,7.1,1.1,8.7,2.7,4.4,3.15,1,2
1293,9.9,0.2,6.8,2.9,4.2,3.09,2,2
1294,8.6,3.5,9.7,1.8,0.4,3.3,2,2
1295,9.3,2.2,9.1,1.0,2.4,3.07,2,2
1296,7.3,1.1,9.8,1.8,4.0,2.91,1,1
1297,5.5,2.1,5.3,0.7,10.4,2.79,2,1
1298,7.2,3.2,8.7,2.1,2.8,2.78,1,1
1299,6.7,1.3,8.9,0.3,6.8,2.79,1,1
1300,6.2,3.7,9.3,3.4,1.4,2.92,1,1
1301,7.4,2.1,9.9,4.4,0.2,3.23,1,2
1302,6.0,0.9,8.4,2.4,6.3,2.79,1,1
1303,9.7,0.4,7.6,5.5,0.8,3.73,2,3
1304,5.8,3.9,9.6,0.8,3.9,2.57,0,1
1305,5.6,0.3,9.5,1.2,7.4,2.57,0,1
1306,8.0,0.3,6.1,5.6,4.0,2.76,1,1
1307,9.5,3.1,5.1,2.0,4.3,3.14,2,2
1308,9.5,2.5,5.4,5.5,1.1,3.59,2,3
1309,9.8,0.3,7.7,1.8,4.4,3.23,2,2
1310,7.9,3.8,7.5,0.4,4.4,3.11,1,2
1311,8.1,1.4,9.3,2.3,2.9,3.11,2,2
1312,8.8,1.1,8.8,1.1,4.2,3.22,2,2
1313,6.6,1.9,9.7,5.4,0.4,2.88,1,1
1314,5.7,2.0,7.3,5.4,3.6,2.62,0,1
1315,9.7,1.5,7.5,4.8,0.5,3.3,2,2
1316,6.1,0.8,5.2,3.9,8.0,2.56,2,1
1317,6.3,0.2,6.2,4.8,6.5,2.93,1,1
1318,7.1,3.9,6.0,1.3,5.7,3.3,1,2
1319,6.5,0.7,6.9,5.5,4.4,2.71,1,1
1320,9.7,0.2,6.1,3.4,4.6,3.81,2,3
1321,8.1,0.2,7.0,3.9,4.8,3.41,2,2
1322,6.6,0.4,7.1,0.8,9.1,3.27,1,2
1323,9.7,1.9,6.6,4.4,1.4,3.06,2,2
1324,9.1,3.5,8.4,0.1,2.9,3.36,2,2
1325,7.8,3.1,5.7,1.4,6.0,3.14,2,2
1326,7.2,0.0,9.1,2.2,5.5,3.41,1,2
1327,7.7,2.7,8.5,4.9,0.2,2.68,1,1
1328,9.8,2.6,6.5,0.6,4.5,3.62,2,3
1329,9.2,1.4,8.3,2.4,2.7,3.47,2,2
1330,5.3,1.7,7.7,2.6,6.7,2.54,0,1
1331,8.7,3.3,8.9,0.1,3.0,3.34,2,2
1332,9.7,3.3,9.2,0.5,1.3,3.18,2,2
1333,7.1,1.9,5.8,0.2,9.0,3.02,2,2
1334,9.6,2.3,8.3,3.5,0.3,3.41,2,2
1335,6.7,2.5,5.2,1.1,8.5,3.11,2,2
1336,6.8,1.5,7.7,0.0,8.0,3.15,1,2
1337,6.2,0.8,6.3,4.8,5.9,2.76,1,1
1338,7.5,3.5,6.2,0.5,6.3,3.0,1,2
1339,6.8,3.0,7.8,4.9,1.5,2.99,1,1
1340,5.2,3.9,6.9,0.9,7.1,3.28,0,2
1341,8.3,1.1,7.9,3.5,3.2,3.49,2,2
1342,6.3,1.8,7.7,4.0,4.2,2.91,1,1
1343,8.9,1.6,8.2,0.8,4.5,3.3,2,2
1344,8.6,0.1,6.0,2.9,6.4,3.42,2,2
1345,9.4,2.1,9.6,1.4,1.5,3.2,2,2
1346,9.0,1.0,9.5,4.1,0.4,3.34,2,2
1347,9.7,2.1,8.4,3.0,0.8,3.51,2,3
1348,5.2,2.0,5.8,1.1,9.9,2.58,2,1
1349,6.8,1.7,8.1,0.4,7.0,2.75,1,1
1350,7.9,2.5,7.8,4.3,1.5,3.19,1,2
1351,6.7,3.1,7.2,2.9,4.1,3.24,1,2
1352,6.5,0.3,5.5,5.5,6.2,3.28,2,2
1353,8.4,0.5,6.8,3.6,4.7,3.34,2,2
1354,5.0,0.8,9.8,3.7,4.7,2.69,0,1
1355,6.3,0.3,5.1,1.5,10.8,2.9,2,1
1356,8.6,3.7,7.0,0.9,3.8,3.48,2,2
1357,7.6,3.6,9.0,0.3,3.5,3.27,1,2
1358,9.5,0.5,7.7,5.3,1.0,3.78,2,3
1359,7.1,1.9,5.4,1.7,7.9,3.14,2,2
1360,6.4,1.8,8.4,1.0,6.4,2.93,1,1
1361,7.4,3.0,9.3,2.7,1.6,2.95,1,1
1362,9.7,0.5,8.9,1.3,3.6,3.53,2,3
1363,9.7,2.9,8.8,0.6,2.0,3.87,2,3
1364,8.8,0.4,9.8,4.5,0.5,3.12,2,2
1365,6.4,3.3,7.6,2.8,3.9,3.11,1,2
1366,8.6,1.6,8.1,4.0,1.7,2.94,2,1
1367,8.6,0.2,9.3,2.7,3.2,3.11,2,2
1368,7.4,3.5,6.9,4.5,1.7,2.95,1,1
1369,5.5,1.9,10.0,4.6,2.0,2.83,0,1
1370,6.2,1.6,8.9,4.6,2.7,2.63,1,1
1371,6.1,3.7,8.0,2.3,3.9,3.41,1,2
1372,7.8,1.9,7.5,1.1,5.7,3.18,1,2
1373,9.1,2.2,5.7,4.6,2.4,3.17,2,2
1374,7.6,0.5,9.7,1.1,5.1,3.07,1,2
1375,6.3,1.6,6.9,4.8,4.4,2.69,1,1
1376,6.3,2.0,5.7,3.7,6.3,2.91,2,1
1377,7.8,2.9,9.7,3.3,0.3,3.09,1,2
1378,9.5,3.9,9.3,0.1,1.2,3.28,2,2
1379,9.7,1.7,5.0,2.7,4.9,3.47,2,2
1380,6.7,1.9,8.1,5.2,2.1,2.88,1,1
1381,8.3,1.7,9.1,4.4,0.5,3.26,2,2
1382,6.4,0.2,8.3,5.2,3.9,2.75,1,1
1383,5.8,3.2,9.3,5.2,0.5,2.96,0,1
1384,6.6,2.2,5.3,0.3,9.6,2.94,2,1
1385,8.6,1.8,6.3,1.1,6.2,3.2,2,2
1386,7.4,1.4,6.6,5.8,2.8,2.87,1,1
1387,8.2,0.1,7.2,5.3,3.2,3.12,2,2
1388,8.8,2.4,7.9,0.3,4.6,3.26,2,2
1389,5.7,2.5,6.0,3.0,6.8,2.5,0,1
1390,9.7,3.4,8.6,0.2,2.1,3.53,2,3
1391,5.5,2.0,5.8,5.9,4.8,2.82,2,1
1392,6.8,2.6,5.6,2.6,6.4,2.77,2,1
1393,6.4,3.6,5.2,5.5,3.3,2.86,2,1
1394,8.9,0.1,9.8,2.7,2.5,3.51,2,3
1395,6.5,1.5,5.3,5.9,4.8,3.0,2,2
1396,7.2,3.8,6.2,3.2,3.6,3.02,1,2
1397,7.4,2.8,5.3,1.2,7.3,3.25,2,2
1398,5.9,2.3,6.1,5.2,4.5,2.72,0,1
1399,9.7,2.1,6.8,1.3,4.1,3.55,2,3
1400,9.7,1.6,8.5,2.1,2.1,3.87,2,3
1401,7.6,1.1,7.3,2.8,5.2,3.2,1,2
1402,6.6,0.2,7.5,3.3,6.4,3.02,1,2
1403,5.8,3.0,9.9,5.0,0.3,2.93,0,1
1404,8.5,1.8,7.7,5.1,0.9,3.23,2,2
1405,7.4,1.5,7.5,3.5,4.1,3.33,1,2
1406,5.5,2.4,5.6,0.5,10.0,3.11,2,2
1407,7.6,1.6,7.9,0.5,6.4,2.89,1,1
1408,9.9,2.2,8.4,1.1,2.4,3.43,2,2
1409,5.5,3.9,6.4,2.5,5.7,2.8,0,1
1410,9.1,2.1,6.4,0.4,6.0,3.37,2,2
1411,5.8,3.6,8.4,1.5,4.7,2.91,0,1
1412,7.9,1.6,6.8,1.3,6.4,3.1,1,2
1413,8.3,3.9,5.9,3.5,2.4,2.95,2,1
1414,6.3,3.3,7.4,3.3,3.7,2.52,1,1
1415,6.5,0.7,5.4,4.3,7.1,3.1,2,2
1416,7.0,1.7,7.3,2.2,5.8,2.85,1,1
1417,5.5,1.2,8.3,4.0,5.0,2.76,0,1
1418,6.0,0.8,5.1,5.4,6.7,2.54,2,1
1419,6.1,0.9,6.4,0.8,9.8,2.79,1,1
1420,5.7,2.6,6.7,4.2,4.8,2.9,0,1
1421,7.8,1.0,8.3,0.7,6.2,2.69,1,1
1422,6.3,2.4,9.4,5.9,0.0,3.22,1,2
1423,8.0,1.6,6.1,1.5,6.8,2.75,1,1
1424,9.6,1.5,6.9,2.3,3.7,3.37,2,2
1425,9.2,2.6,8.1,1.4,2.7,3.39,2,2
1426,7.0,2.0,8.3,0.1,6.6,3.27,1,2
1427,9.4,1.8,6.7,0.8,5.3,3.37,2,2
1428,7.0,2.7,7.1,5.8,1.4,2.47,1,1
1429,8.0,3.2,5.5,2.4,4.9,3.36,2,2
1430,9.3,0.3,5.4,5.1,3.9,3.02,2,2
1431,6.1,2.7,7.7,5.0,2.5,3.04,1,2
1432,7.1,1.3,8.0,5.6,2.0,3.08,1,2
1433,9.2,4.0,5.1,0.6,5.1,3.62,2,3
1434,6.4,1.0,8.9,0.3,7.4,3.04,1,2
1435,6.8,2.0,7.8,4.4,3.0,3.27,1,2
1436,7.9,2.2,8.2,1.5,4.2,2.87,1,1
1437,5.4,0.5,6.1,3.0,9.0,2.91,0,1
1438,8.9,1.4,7.0,2.4,4.3,3.5,2,3
1439,6.0,0.2,8.0,5.9,3.9,2.76,1,1
1440,9.1,2.8,9.7,1.0,1.4,3.53,2,3
1441,8.3,1.9,8.2,2.5,3.1,3.25,2,2
1442,7.6,3.2,8.7,3.0,1.5,2.86,1,1
1443,5.6,2.9,7.5,5.4,2.6,2.98,0,1
1444,5.7,3.0,5.0,1.0,9.3,2.42,2,1
1445,7.9,2.9,9.6,2.5,1.1,2.99,1,1
1446,5.0,0.5,7.7,4.1,6.7,3.07,0,2
1447,7.1,2.9,7.6,0.4,6.0,3.15,1,2
1448,8.6,3.6,5.6,5.9,0.3,3.21,2,2
1449,6.0,0.0,10.0,1.7,6.3,2.7,1,1
1450,7.9,3.6,6.6,4.0,1.9,3.29,1,2
1451,5.9,2.5,6.7,1.3,7.6,2.7,0,1
1452,9.5,1.6,6.2,2.7,4.0,3.32,2,2
1453,6.6,3.0,9.9,2.0,2.5,3.03,1,2
1454,5.8,2.8,7.6,3.9,3.9,3.09,0,2
1455,9.4,1.8,9.5,2.5,0.8,3.91,2,3
1456,6.6,3.9,8.3,0.2,5.0,2.93,1,1
1457,6.6,2.5,5.3,0.1,9.5,2.6,2,1
1458,7.2,1.1,5.8,4.1,5.8,2.96,2,1
1459,7.6,0.8,6.6,3.6,5.4,3.3,1,2
1460,8.6,2.7,7.4,3.4,1.9,3.45,2,2
1461,5.2,2.5,8.9,3.0,4.4,2.51,0,1
1462,8.2,2.8,9.4,1.2,2.4,3.06,2,2
1463,8.8,2.2,9.4,1.9,1.7,3.85,2,3
1464,8.7,3.9,5.4,0.3,5.7,3.42,2,2
1465,9.7,2.1,8.1,2.0,2.1,3.49,2,2
1466,8.7,1.2,6.5,5.0,2.6,3.25,2,2
1467,5.4,3.5,6.3,3.6,5.2,2.85,0,1
1468,7.1,2.8,6.7,1.7,5.7,3.16,1,2
1469,10.0,3.0,8.2,1.0,1.8,3.81,2,3
1470,7.7,3.4,5.2,2.2,5.5,3.22,2,2
1471,6.2,1.8,5.4,5.7,4.9,2.98,2,1
1472,7.8,3.7,5.0,4.5,3.0,3.16,2,2
1473,9.5,0.6,5.5,2.5,5.9,3.44,2,2
1474,7.6,0.6,5.0,4.9,5.9,3.29,2,2
1475,5.4,2.5,9.6,1.3,5.2,2.69,0,1
1476,8.0,0.7,8.7,1.8,4.8,3.25,1,2
1477,7.3,2.4,5.9,4.4,4.0,3.3,2,2
1478,5.8,2.8,5.6,2.6,7.2,2.62,2,1
1479,6.2,3.0,6.3,5.3,3.2,2.91,1,1
1480,8.1,0.4,7.0,4.3,4.2,3.24,2,2
1481,8.3,2.5,6.4,2.3,4.5,3.31,2,2
1482,7.5,2.8,6.2,1.9,5.6,3.02,1,2
1483,6.7,0.1,6.7,4.8,5.7,3.01,1,2
1484,7.3,0.1,9.4,0.1,7.1,3.29,1,2
1485,9.7,2.0,6.7,5.2,0.4,3.47,2,2
1486,7.7,0.9,7.1,3.9,4.4,3.08,1,2
1487,8.6,0.0,9.7,0.9,4.8,3.14,2,2
1488,5.2,0.5,9.9,1.9,6.5,2.61,0,1
1489,5.6,0.4,8.6,5.1,4.3,2.81,0,1
1490,6.1,2.1,6.3,5.6,3.9,2.73,1,1
1491,9.5,2.3,6.8,2.1,3.3,3.74,2,3
1492,7.3,3.4,9.7,1.2,2.4,2.97,1,1
1493,7.8,0.4,6.0,2.5,7.3,3.24,1,2
1494,5.8,1.8,8.0,4.2,4.2,2.82,0,1
1495,6.9,3.5,7.8,2.5,3.3,3.02,1,2
1496,9.1,2.5,9.2,1.6,1.6,3.22,2,2
1497,5.6,0.1,6.5,4.2,7.6,2.71,0,1
1498,7.5,1.7,7.1,1.4,6.3,3.32,1,2
1499,5.7,0.8,5.3,1.2,11.0,2.74,2,1
1500,6.8,0.0,9.2,0.2,7.8,2.8,1,1
1501,9.7,3.6,7.7,1.6,1.4,3.22,2,2
1502,8.2,0.2,5.3,2.7,7.6,3.55,2,3
1503,7.7,3.6,5.5,4.9,2.3,3.06,2,2
1504,6.6,1.6,5.8,3.0,7.0,2.73,2,1
1505,9.0,1.8,7.5,4.8,0.9,3.33,2,2
1506,6.3,3.5,7.9,1.3,5.0,3.32,1,2
1507,6.3,3.2,5.2,6.0,3.3,3.0,2,2
1508,7.0,2.0,9.4,2.3,3.3,2.98,1,1
1509,7.7,0.2,5.0,1.5,9.6,3.0,2,2
1510,5.6,1.6,8.2,4.3,4.3,2.91,0,1
1511,5.9,0.3,9.7,1.6,6.5,2.76,0,1
1512,9.1,3.1,8.0,1.3,2.5,3.46,2,2
1513,6.3,0.5,7.5,3.5,6.2,2.87,1,1
1514,6.8,2.6,9.5,0.8,4.3,2.58,1,1
1515,6.9,0.6,8.1,4.4,4.0,3.0,1,2
1516,9.8,0.3,8.0,0.3,5.6,3.53,2,3
1517,9.5,2.1,8.3,3.4,0.7,3.35,2,2
1518,5.6,1.9,8.0,0.2,8.3,2.99,0,1
1519,6.4,0.1,7.1,5.4,5.0,2.72,1,1
1520,9.6,3.0,8.7,1.9,0.8,3.45,2,2
1521,6.0,0.8,8.4,1.3,7.5,3.19,1,2
1522,8.9,1.8,9.0,3.6,0.7,3.27,2,2
1523,8.3,0.9,6.4,1.9,6.5,3.18,2,2
1524,6.0,1.8,9.5,0.6,6.1,2.78,1,1
1525,8.6,2.7,5.5,5.5,1.7,2.9,2,1
1526,8.8,1.0,8.5,0.2,5.5,3.52,2,3
1527,9.2,1.8,8.2,1.1,3.7,3.6,2,3
1528,7.4,2.5,7.3,5.4,1.4,3.25,1,2
1529,7.5,3.4,9.0,1.7,2.4,3.03,1,2
1530,9.1,0.9,7.6,4.8,1.6,3.08,2,2
1531,6.8,2.6,6.2,0.7,7.7,3.0,1,2
1532,6.4,3.4,6.7,5.8,1.7,2.98,1,1
1533,9.9,1.1,5.2,4.2,3.6,3.3,2,2
1534,8.5,0.1,9.4,0.8,5.2,3.25,2,2
1535,5.6,0.7,9.8,4.2,3.7,2.75,0,1
1536,6.7,0.9,7.4,3.3,5.7,3.26,1,2
1537,8.2,1.0,9.7,0.9,4.2,2.81,2,1
1538,7.2,2.3,7.2,2.5,4.8,3.03,1,2
1539,8.7,2.7,9.2,0.8,2.6,3.58,2,3
1540,6.8,1.9,6.6,0.9,7.8,3.38,1,2
1541,6.1,0.4,8.4,4.0,5.1,2.88,1,1
1542,7.9,3.9,7.7,4.1,0.4,3.4,1,2
1543,5.4,0.8,7.2,3.5,7.1,2.71,0,1
1544,9.0,2.4,6.0,3.0,3.6,3.32,2,2
1545,8.7,3.1,7.5,1.4,3.3,2.99,2,1
1546,8.7,1.0,5.9,3.2,5.2,3.17,2,2
1547,6.4,2.5,5.6,3.9,5.6,2.89,2,1
1548,8.9,2.4,9.9,1.0,1.8,3.44,2,2
1549,8.4,0.3,7.0,5.8,2.5,2.9,2,1
1550,5.6,2.8,8.2,2.2,5.2,2.91,0,1
1551,9.8,0.1,6.5,5.5,2.1,3.24,2,2
1552,7.7,3.3,5.5,5.7,1.8,2.99,2,1
1553,9.0,0.7,8.6,2.2,3.5,3.62,2,3
1554,9.8,0.5,7.1,2.9,3.7,3.38,2,2
1555,6.9,1.5,5.3,4.1,6.2,2.77,2,1
1556,9.1,3.2,7.4,1.3,3.0,3.31,2,2
1557,8.2,1.2,6.2,4.4,4.0,3.08,2,2
1558,6.2,3.7,7.6,2.2,4.3,2.84,1,1
1559,9.4,1.6,6.7,1.2,5.1,3.11,2,2
1560,8.4,1.2,7.9,0.4,6.1,3.06,2,2
1561,6.0,1.6,9.7,2.3,4.4,2.66,1,1
1562,5.6,0.2,6.5,0.9,10.8,3.0,0,2
1563,5.9,3.0,5.1,3.3,6.7,2.91,2,1
1564,7.8,1.3,6.5,4.4,4.0,2.69,1,1
1565,9.4,0.8,5.5,5.4,2.9,3.55,2,3
1566,6.8,0.5,7.9,3.2,5.6,2.61,1,1
1567,6.0,1.8,9.0,3.5,3.7,2.92,1,1
1568,8.5,3.2,8.1,0.6,3.6,3.09,2,2
1569,8.6,2.7,5.1,2.5,5.1,3.54,2,3
1570,6.1,2.4,9.6,4.7,1.2,2.67,1,1
1571,9.6,3.9,5.1,3.4,2.0,3.65,2,3
1572,6.3,3.9,8.1,4.5,1.2,2.89,1,1
1573,5.4,0.7,8.8,0.1,9.0,2.57,0,1
1574,8.1,2.8,6.7,0.6,5.8,3.5,2,3
1575,5.3,2.4,7.6,4.5,4.2,2.25,0,1
1576,7.0,0.1,6.7,5.9,4.3,3.12,1,2
1577,9.4,1.3,7.9,4.6,0.8,3.34,2,2
1578,5.4,2.0,9.8,4.2,2.6,2.8,0,1
1579,5.4,0.8,8.9,5.0,3.9,3.12,0,2
1580,5.1,3.3,8.9,1.6,5.1,3.02,0,2
1581,8.5,0.9,5.2,1.2,8.2,3.17,2,2
1582,7.1,2.0,7.4,1.6,5.9,2.86,1,1
1583,5.1,2.4,7.0,1.8,7.7,2.84,0,1
1584,9.3,2.0,5.7,4.2,2.8,3.51,2,3
1585,6.0,1.8,5.3,5.0,5.9,2.88,2,1
1586,8.7,2.5,9.0,1.6,2.2,3.53,2,3
1587,8.9,1.8,9.7,1.8,1.8,3.63,2,3
1588,9.1,2.2,5.9,2.8,4.0,3.33,2,2
1589,9.8,3.0,9.1,0.1,2.0,3.9,2,3
1590,9.2,0.2,9.3,2.9,2.4,3.29,2,2
1591,6.0,1.3,6.4,3.2,7.1,2.84,1,1
1592,6.2,1.8,7.6,4.6,3.8,2.98,1,1
1593,7.2,3.2,8.1,0.6,4.9,3.04,1,2
1594,7.0,3.0,7.9,2.3,3.8,2.81,1,1
1595,5.9,0.9,7.9,2.5,6.8,2.63,0,1
1596,8.3,3.4,6.3,2.9,3.1,3.26,2,2
1597,9.9,1.3,8.0,0.4,4.4,3.33,2,2
1598,9.8,2.9,8.9,1.7,0.7,3.51,2,3
1599,7.9,1.8,9.3,4.8,0.2,3.34,1,2
1600,7.9,2.2,7.3,1.3,5.3,3.18,1,2
1601,5.0,1.0,7.5,2.3,8.2,2.82,0,1
1602,6.8,1.8,5.7,0.3,9.4,3.01,2,2
1603,8.9,2.3,8.8,0.6,3.4,3.02,2,2
1604,6.1,0.0,5.7,1.9,10.3,3.01,2,2
1605,5.6,3.9,6.5,0.8,7.2,2.92,0,1
1606,5.3,3.4,9.8,1.4,4.1,2.53,0,1
1607,7.3,0.1,8.2,2.5,5.9,2.92,1,1
1608,8.3,1.7,5.9,4.1,4.0,3.11,2,2
1609,7.8,3.4,5.6,4.7,2.5,3.02,2,2
1610,8.5,1.8,9.7,0.6,3.4,3.34,2,2
1611,8.2,1.5,9.8,1.5,3.0,3.4,2,2
1612,10.0,1.0,7.2,3.0,2.8,3.37,2,2
1613,6.5,0.1,6.1,1.7,9.6,2.72,1,1
1614,9.4,2.8,5.4,3.9,2.5,3.37,2,2
1615,8.3,3.8,5.0,1.5,5.4,3.43,2,2
1616,5.5,2.1,6.2,1.1,9.1,2.98,0,1
1617,9.1,0.5,7.3,5.6,1.5,3.37,2,2
1618,5.9,1.3,7.1,1.9,7.8,2.91,0,1
1619,6.4,3.9,5.8,4.4,3.5,2.91,2,1
1620,5.9,2.6,8.6,4.1,2.8,2.98,0,1
1621,6.6,1.0,9.8,5.5,1.1,3.23,1,2
1622,7.3,1.7,5.8,2.6,6.6,3.07,2,2
1623,7.7,0.1,7.2,4.7,4.3,3.37,1,2
1624,9.5,0.1,7.8,4.7,1.9,3.71,2,3
1625,7.7,1.3,5.7,5.3,4.0,3.36,2,2
1626,7.9,2.7,9.0,2.9,1.5,3.17,1,2
1627,7.0,2.1,9.0,2.2,3.7,2.89,1,1
1628,9.6,0.4,8.2,2.4,3.4,3.4,2,2
1629,7.0,2.7,5.3,3.6,5.4,3.17,2,2
1630,5.9,3.6,8.3,5.3,0.9,2.99,0,1
1631,7.4,2.2,9.6,4.3,0.5,2.77,1,1
1632,7.0,1.6,6.4,1.6,7.4,2.97,1,1
1633,9.3,0.3,8.4,1.0,5.0,3.29,2,2
1634,6.3,3.1,9.4,1.2,4.0,2.91,1,1
1635,7.3,1.9,9.4,4.1,1.3,3.51,1,3
1636,9.2,0.0,7.0,5.4,2.4,3.41,2,2
1637,8.7,2.2,7.6,1.9,3.6,3.73,2,3
1638,7.1,2.9,9.3,0.7,4.0,3.12,1,2
1639,7.3,1.6,8.4,1.5,5.2,3.27,1,2
1640,7.1,3.6,10.0,0.4,2.9,3.13,1,2
1641,6.2,3.8,9.8,0.4,3.8,3.17,1,2
1642,5.1,2.4,6.4,5.2,4.9,2.77,0,1
1643,6.4,2.7,8.4,1.3,5.2,2.94,1,1
1644,6.4,3.2,9.0,2.5,2.9,2.87,1,1
1645,8.0,2.4,9.1,1.9,2.6,3.01,1,2
1646,7.7,1.8,7.2,0.5,6.8,2.97,1,1
1647,8.6,0.9,6.0,2.5,6.0,3.38,2,2
1648,6.9,1.8,7.7,1.2,6.4,2.75,1,1
1649,5.8,3.5,7.2,2.5,5.0,2.87,0,1
1650,7.8,2.2,8.5,1.0,4.5,3.06,1,2
1651,6.3,3.2,9.7,0.7,4.1,2.65,1,1
1652,5.3,1.3,5.7,4.3,7.4,2.79,2,1
1653,7.7,0.6,5.0,4.8,5.9,3.23,2,2
1654,6.7,2.3,6.6,0.5,7.9,2.77,1,1
1655,6.1,0.8,7.1,3.9,6.1,3.4,1,2
1656,9.8,2.4,7.4,2.5,1.9,3.56,2,3
1657,9.6,3.3,6.6,1.1,3.4,3.45,2,2
1658,8.7,2.0,5.3,4.3,3.7,2.96,2,1
1659,9.0,1.2,8.3,2.3,3.2,3.74,2,3
1660,9.4,2.0,6.6,4.5,1.5,3.46,2,2
1661,6.1,1.6,9.3,4.3,2.7,2.65,1,1
1662,6.8,1.1,5.9,4.5,5.7,2.93,2,1
1663,6.3,1.8,6.9,5.9,3.1,2.8,1,1
1664,5.4,2.4,8.0,2.5,5.7,2.77,0,1
1665,7.2,0.2,7.6,3.0,6.0,2.83,1,1
1666,6.3,0.7,9.8,5.1,2.1,3.03,1,2
1667,6.2,1.3,6.0,3.0,7.5,3.12,1,2
1668,5.8,3.2,9.0,0.8,5.2,2.88,0,1
1669,7.0,0.7,6.3,1.6,8.4,2.63,1,1
1670,9.7,0.5,9.9,0.9,3.0,3.72,2,3
1671,8.9,1.4,5.7,5.1,2.9,3.55,2,3
1672,7.8,1.9,7.5,4.4,2.4,2.91,1,1
1673,5.4,2.7,9.5,0.3,6.1,2.9,0,1
1674,7.2,1.6,5.7,3.0,6.5,2.94,2,1
1675,5.6,1.9,8.8,1.5,6.2,2.89,0,1
1676,8.4,3.4,7.1,3.9,1.2,3.26,2,2
1677,5.2,0.5,6.0,2.4,9.9,2.69,0,1
1678,8.3,2.8,7.9,1.8,3.2,3.44,2,2
1679,7.9,1.4,5.4,6.0,3.3,3.11,2,2
1680,8.3,1.3,7.0,1.6,5.8,3.39,2,2
1681,6.7,1.6,8.6,3.1,4.0,3.54,1,3
1682,9.6,0.2,7.9,5.1,1.2,3.46,2,2
1683,6.2,3.5,5.1,4.4,4.8,2.97,2,1
1684,7.2,0.2,9.6,2.8,4.2,3.19,1,2
1685,5.1,2.8,7.4,0.7,8.0,3.15,0,2
1686,7.5,3.3,9.3,2.4,1.5,3.36,1,2
1687,5.1,2.8,7.1,3.4,5.6,2.5,0,1
1688,9.6,0.5,8.4,0.0,5.5,3.7,2,3
1689,9.6,0.5,5.5,2.0,6.4,3.19,2,2
1690,7.9,1.8,5.2,1.9,7.2,3.07,2,2
1691,9.1,2.8,8.6,2.4,1.1,3.24,2,2
1692,6.4,3.3,9.9,2.2,2.2,2.9,1,1
1693,5.0,0.6,6.6,3.5,8.3,2.89,0,1
1694,8.9,3.0,8.0,2.6,1.5,3.29,2,2
1695,8.2,2.5,7.8,5.4,0.1,3.4,2,2
1696,9.4,0.9,5.4,2.9,5.4,3.56,2,3
1697,7.6,3.3,7.2,3.4,2.5,3.03,1,2
1698,8.1,3.3,5.8,3.6,3.2,3.22,2,2
1699,8.0,0.7,5.6,5.9,3.8,2.93,2,1
1700,5.9,2.7,8.0,3.9,3.5,2.78,0,1
1701,5.4,3.6,6.9,1.9,6.2,2.35,0,1
1702,9.3,3.7,6.5,3.9,0.6,3.24,2,2
1703,8.9,3.7,6.2,3.0,2.2,3.49,2,2
1704,5.0,2.3,6.7,1.9,8.1,2.64,0,1
1705,8.2,3.4,8.0,3.8,0.6,3.26,2,2
1706,7.3,0.0,7.8,4.0,4.9,2.75,1,1
1707,8.0,2.9,7.9,0.3,4.9,3.25,1,2
1708,6.4,0.3,7.1,3.3,6.9,2.77,1,1
1709,6.6,2.9,8.2,2.0,4.3,3.14,1,2
1710,8.2,2.2,5.1,4.2,4.3,3.48,2,2
1711,6.9,3.8,9.1,2.5,1.7,2.88,1,1
1712,6.7,1.9,6.5,3.1,5.8,2.87,1,1
1713,5.8,3.9,5.5,5.6,3.2,2.88,2,1
1714,8.6,1.7,8.2,1.9,3.6,3.46,2,2
1715,6.5,2.3,7.5,3.5,4.2,2.8,1,1
1716,5.4,0.2,6.3,0.4,11.7,2.53,0,1
1717,5.5,3.3,5.2,4.0,6.0,2.95,2,1
1718,7.4,1.2,7.6,2.3,5.5,3.03,1,2
1719,7.8,0.5,10.0,2.4,3.3,3.43,1,2
1720,6.8,3.3,7.3,4.3,2.3,2.83,1,1
1721,5.5,3.4,8.7,1.3,5.1,2.74,0,1
1722,9.9,1.0,7.3,0.2,5.6,3.32,2,2
1723,7.0,2.3,9.8,2.5,2.4,3.09,1,2
1724,5.2,1.3,7.9,5.7,3.9,3.04,0,2
1725,9.3,0.9,6.1,1.2,6.5,3.29,2,2
1726,7.5,1.9,6.3,3.0,5.3,3.4,1,2
1727,5.2,0.5,9.4,4.5,4.4,2.9,0,1
1728,6.8,3.0,8.9,4.0,1.3,2.49,1,1
1729,8.6,0.8,6.7,2.8,5.1,3.52,2,3
1730,6.6,0.6,7.0,5.9,3.9,2.83,1,1
1731,6.1,2.4,7.2,0.4,7.9,3.29,1,2
1732,7.6,3.5,6.4,0.5,6.0,3.12,1,2
1733,9.7,1.5,7.9,3.9,1.0,3.69,2,3
1734,5.7,1.2,5.7,4.9,6.5,2.66,2,1
1735,6.1,2.9,9.7,2.8,2.5,2.5,1,1
1736,6.6,1.9,8.0,5.9,1.6,3.41,1,2
1737,9.7,3.4,9.4,0.7,0.8,3.6,2,3
1738,7.0,3.8,7.1,3.6,2.5,3.11,1,2
1739,8.5,3.8,6.2,4.1,1.4,2.93,2,1
1740,8.9,2.2,8.3,1.5,3.1,3.37,2,2
1741,7.4,2.5,7.0,1.2,5.9,3.11,1,2
1742,8.7,1.6,6.8,2.4,4.5,3.42,2,2
1743,7.0,2.2,7.7,3.0,4.1,3.05,1,2
1744,5.8,0.5,9.7,3.6,4.4,2.65,0,1
1745,8.3,1.6,9.5,2.9,1.7,3.12,2,2
1746,9.8,3.3,9.3,0.3,1.3,3.73,2,3
1747,6.4,1.1,6.4,5.1,5.0,2.79,1,1
1748,6.2,3.2,7.8,0.0,6.8,2.8,1,1
1749,7.1,1.6,5.6,4.1,5.6,3.28,2,2
1750,8.6,0.0,9.8,4.6,1.0,3.48,2,2
1751,9.5,0.1,9.7,3.8,0.9,3.57,2,3
1752,9.7,1.8,8.0,2.1,2.4,3.82,2,3
1753,9.7,0.3,7.5,4.1,2.4,3.53,2,3
1754,9.5,3.8,5.3,2.2,3.2,3.7,2,3
1755,5.1,1.3,7.7,5.5,4.4,2.8,0,1
1756,7.7,1.1,9.5,5.3,0.4,2.99,1,1
1757,7.0,3.6,6.9,4.4,2.1,2.84,1,1
1758,9.6,1.8,8.7,1.4,2.5,3.43,2,2
1759,5.1,0.4,7.5,4.1,6.9,3.01,0,2
1760,8.5,2.8,7.5,4.8,0.4,3.06,2,2
1761,7.4,1.8,6.0,1.8,7.0,3.13,1,2
1762,6.2,1.2,8.9,2.0,5.7,2.85,1,1
1763,6.2,0.7,8.9,0.8,7.4,3.02,1,2
1764,8.4,2.5,9.1,0.2,3.8,2.65,2,1
1765,6.5,1.1,5.7,1.7,9.0,3.02,2,2
1766,8.3,1.5,8.6,1.9,3.7,2.86,2,1
1767,6.5,2.2,5.1,0.5,9.7,3.1,2,2
1768,8.6,0.4,9.2,4.2,1.6,3.27,2,2
1769,8.1,3.3,7.0,1.2,4.4,3.8,2,3
1770,7.7,2.3,9.7,3.9,0.4,3.3,1,2
1771,9.4,3.2,9.7,0.2,1.5,3.4,2,2
1772,9.2,2.0,8.7,0.6,3.5,3.03,2,2
1773,6.3,2.9,5.8,2.1,6.9,2.78,2,1
1774,8.5,1.5,7.8,0.6,5.6,3.02,2,2
1775,9.0,1.5,8.2,3.8,1.5,3.41,2,2
1776,8.1,1.7,5.9,5.7,2.6,3.17,2,2
1777,8.8,0.8,6.7,4.9,2.8,3.53,2,3
1778,7.2,2.9,6.9,1.3,5.7,3.23,1,2
1779,8.2,3.9,6.6,2.4,2.9,3.32,2,2
1780,9.2,3.0,5.3,6.0,0.5,3.77,2,3
1781,8.8,3.5,8.3,2.9,0.5,3.26,2,2
1782,9.4,0.8,5.4,4.7,3.7,3.25,2,2
1783,9.2,0.7,9.3,3.3,1.5,3.64,2,3
1784,7.1,0.8,6.4,3.0,6.7,3.08,1,2
1785,7.7,3.2,9.0,2.4,1.7,3.03,1,2
1786,5.3,3.5,5.4,1.5,8.3,2.91,2,1
1787,8.5,1.6,9.4,1.3,3.2,2.9,2,1
1788,7.7,3.5,9.6,0.9,2.3,3.39,1,2
1789,7.3,2.2,9.7,4.8,0.0,3.25,1,2
1790,6.9,0.0,5.0,2.8,9.3,2.85,2,1
1791,7.4,0.1,8.4,1.8,6.3,2.75,1,1
1792,5.8,1.6,6.2,3.2,7.2,2.98,0,1
1793,6.0,2.0,5.8,4.0,6.2,2.81,2,1
1794,7.3,0.3,8.0,1.6,6.8,3.15,1,2
1795,7.6,2.1,9.6,2.6,2.1,2.78,1,1
1796,9.7,3.1,6.4,4.1,0.7,3.76,2,3
1797,7.2,3.3,9.1,0.8,3.6,2.87,1,1
1798,6.5,1.2,8.6,1.4,6.3,3.18,1,2
1799,5.0,2.9,5.9,0.6,9.6,2.63,2,1
1800,7.4,0.2,9.9,4.3,2.2,2.84,1,1
1801,6.6,1.3,7.2,3.8,5.1,2.93,1,1
1802,9.3,1.0,6.9,5.2,1.6,3.32,2,2
1803,8.3,1.4,8.4,0.1,5.8,3.23,2,2
1804,9.1,3.8,9.6,1.4,0.1,3.71,2,3
1805,7.6,1.4,7.3,4.1,3.6,3.09,1,2
1806,9.6,3.3,9.9,1.1,0.1,3.5,2,3
1807,6.4,0.4,5.6,1.7,9.9,3.21,2,2
1808,9.5,2.5,5.0,1.1,5.9,3.52,2,3
1809,5.5,1.5,7.5,0.3,9.2,2.61,0,1
1810,8.2,1.9,7.5,2.6,3.8,3.13,2,2
1811,9.8,0.9,7.6,4.2,1.5,3.62,2,3
1812,6.9,1.9,5.4,3.7,6.1,3.05,2,2
1813,6.4,0.6,7.7,3.2,6.1,3.0,1,2
1814,8.1,0.8,7.3,4.3,3.5,3.12,2,2
1815,7.6,1.6,6.6,3.7,4.5,3.18,1,2
1816,5.4,1.8,9.5,0.6,6.7,2.9,0,1
1817,9.9,3.8,5.4,4.6,0.3,3.69,2,3
1818,7.1,1.8,8.2,4.6,2.3,2.98,1,1
1819,5.2,2.4,5.9,2.1,8.4,2.69,2,1
1820,6.7,0.4,5.7,0.2,11.0,2.58,2,1
1821,7.4,3.8,5.6,5.7,1.5,3.27,2,2
1822,8.2,3.3,5.5,3.0,4.0,3.5,2,3
1823,8.5,2.3,9.2,0.3,3.7,3.34,2,2
1824,6.9,1.4,8.1,5.3,2.3,3.42,1,2
1825,7.5,3.3,7.0,0.6,5.6,2.82,1,1
1826,8.6,3.0,5.3,1.3,5.8,3.06,2,2
1827,6.4,2.2,5.7,0.8,8.9,2.89,2,1
1828,6.8,3.2,7.6,0.8,5.6,2.78,1,1
1829,8.7,1.6,6.3,2.3,5.1,2.87,2,1
1830,6.2,1.6,5.1,4.6,6.5,2.92,2,1
1831,5.9,0.2,8.3,4.6,5.0,2.88,0,1
1832,6.0,2.9,8.5,1.5,5.1,3.17,1,2
1833,9.5,0.4,9.9,3.6,0.6,3.5,2,3
1834,8.6,0.8,7.2,0.4,7.0,3.32,2,2
1835,6.9,3.0,6.9,2.0,5.2,3.23,1,2
1836,5.2,1.5,5.8,4.2,7.3,2.83,2,1
1837,5.5,2.7,6.4,1.2,8.2,2.75,0,1
1838,7.4,2.0,6.6,0.8,7.2,3.1,1,2
1839,6.9,2.7,8.9,2.9,2.6,2.77,1,1
1840,6.4,0.6,6.2,1.3,9.5,3.04,1,2
1841,7.6,2.3,9.7,0.9,3.5,3.36,1,2
1842,7.8,1.0,6.3,0.2,8.7,3.27,1,2
1843,6.5,3.0,5.2,1.3,8.0,3.17,2,2
1844,7.3,2.8,6.9,1.0,6.0,3.24,1,2
1845,7.0,2.3,9.7,0.3,4.7,2.64,1,1
1846,7.5,0.1,6.6,4.9,4.9,3.14,1,2
1847,7.8,1.8,6.4,1.8,6.2,3.39,1,2
1848,9.8,1.8,7.0,4.6,0.8,3.39,2,2
1849,7.1,2.2,6.2,4.5,4.0,3.34,1,2
1850,8.9,0.9,8.6,4.5,1.1,3.36,2,2
1851,6.7,0.7,5.0,2.7,8.9,3.15,2,2
1852,5.9,3.4,6.3,1.4,7.0,2.48,0,1
1853,7.4,2.0,6.1,1.6,6.9,3.22,1,2
1854,8.9,1.8,8.6,3.5,1.2,3.17,2,2
1855,5.7,3.9,9.1,1.1,4.2,2.81,0,1
1856,5.7,3.0,7.3,4.7,3.3,2.82,0,1
1857,8.7,2.4,8.4,0.1,4.4,3.51,2,3
1858,5.0,0.1,9.3,4.1,5.5,2.47,0,1
1859,6.3,2.8,9.0,1.8,4.1,2.79,1,1
1860,7.5,3.1,6.1,1.6,5.7,3.07,1,2
1861,6.2,4.0,6.0,3.5,4.3,2.88,1,1
1862,8.2,3.0,9.9,0.5,2.4,3.3,2,2
1863,8.8,1.4,5.9,2.5,5.4,3.29,2,2
1864,7.7,4.0,7.0,3.3,2.0,3.44,1,2
1865,6.8,1.6,8.5,5.6,1.5,3.33,1,2
1866,5.4,0.8,7.5,0.1,10.2,2.86,0,1
1867,6.3,2.1,5.1,1.6,8.9,3.49,2,2
1868,9.6,2.6,7.1,4.4,0.3,3.54,2,3
1869,8.9,0.8,5.7,4.1,4.5,3.62,2,3
1870,8.7,2.5,9.9,1.5,1.4,3.36,2,2
1871,5.6,3.3,6.3,4.7,4.1,2.85,0,1
1872,8.0,1.8,6.8,2.1,5.3,3.23,1,2
1873,8.2,3.0,8.4,0.9,3.5,3.52,2,3
1874,7.4,2.1,8.9,3.7,1.9,3.1,1,2
1875,7.0,3.6,5.8,6.0,1.6,2.99,2,1
1876,8.6,3.2,9.3,2.9,0.0,3.38,2,2
1877,6.5,2.8,5.6,2.4,6.7,2.9,2,1
1878,8.0,2.0,8.2,5.6,0.2,3.4,1,2
1879,5.3,2.3,9.3,2.9,4.2,2.82,0,1
1880,6.7,0.6,9.2,3.1,4.4,2.85,1,1
1881,9.7,3.2,8.5,0.0,2.6,3.19,2,2
1882,9.6,0.7,6.4,3.1,4.2,3.38,2,2
1883,6.3,0.8,8.0,0.5,8.4,2.91,1,1
1884,8.6,2.2,7.1,3.4,2.7,3.18,2,2
1885,6.8,3.7,5.3,4.0,4.2,3.04,2,2
1886,5.9,1.2,8.6,0.5,7.8,2.92,0,1
1887,9.1,2.9,8.6,0.3,3.1,3.56,2,3
1888,9.2,0.2,5.1,2.2,7.3,3.61,2,3
1889,5.7,2.2,9.6,2.3,4.2,2.98,0,1
1890,5.5,2.4,7.3,5.6,3.2,2.77,0,1
1891,5.6,0.8,5.1,2.6,9.9,2.97,2,1
1892,8.0,2.5,7.7,0.5,5.3,3.12,1,2
1893,7.2,4.0,9.2,3.2,0.4,2.95,1,1
1894,7.4,2.7,9.4,3.4,1.1,3.04,1,2
1895,9.7,0.2,5.1,4.0,5.0,3.25,2,2
1896,6.7,1.1,7.6,2.6,6.0,2.83,1,1
1897,7.6,2.7,6.9,1.5,5.3,3.05,1,2
1898,8.7,3.0,8.3,0.9,3.1,3.1,2,2
1899,7.9,2.3,7.4,3.3,3.1,3.75,1,3
1900,8.6,0.4,8.7,0.8,5.5,3.22,2,2
1901,5.3,3.9,9.8,0.3,4.7,2.53,0,1
1902,7.4,3.3,9.8,2.2,1.3,3.06,1,2
1903,6.8,2.4,6.6,5.5,2.7,3.05,1,2
1904,6.6,1.2,5.2,4.9,6.1,3.2,2,2
1905,7.3,1.3,7.4,4.9,3.1,2.83,1,1
1906,6.9,1.3,5.9,3.6,6.3,2.94,2,1
1907,7.4,3.5,5.2,3.9,4.0,3.26,2,2
1908,9.4,2.9,9.6,0.7,1.4,3.57,2,3
1909,7.5,0.1,5.0,1.4,10.0,3.07,2,2
1910,5.9,0.1,9.5,0.0,8.5,2.79,0,1
1911,8.7,0.6,9.6,4.6,0.5,3.57,2,3
1912,5.0,3.9,9.4,5.1,0.6,2.98,0,1
1913,8.3,1.4,9.5,1.4,3.4,3.06,2,2
1914,9.6,0.6,6.1,3.3,4.4,3.47,2,2
1915,8.8,2.5,6.2,0.0,6.5,3.29,2,2
1916,9.5,1.6,7.6,2.5,2.8,3.7,2,3
1917,7.2,3.1,7.6,1.9,4.2,2.79,1,1
1918,5.7,2.6,8.4,4.5,2.8,2.94,0,1
1919,7.5,3.6,9.7,2.6,0.6,2.84,1,1
1920,9.9,1.1,6.0,2.7,4.3,3.68,2,3
1921,5.3,3.9,7.9,3.3,3.6,2.79,0,1
1922,5.2,2.4,8.6,2.5,5.3,3.21,0,2
1923,8.8,0.9,6.1,1.0,7.2,3.53,2,3
1924,9.1,1.5,7.9,4.0,1.5,3.29,2,2
1925,6.2,0.7,9.9,3.7,3.5,2.73,1,1
1926,6.3,2.0,6.6,1.0,8.1,3.09,1,2
1927,6.3,0.1,8.5,3.0,6.1,2.99,1,1
1928,5.5,3.0,5.1,1.5,8.9,2.66,2,1
1929,9.5,2.9,5.4,4.9,1.3,3.67,2,3
1930,8.0,2.7,10.0,0.8,2.5,3.2,1,2
1931,8.1,1.8,5.2,0.1,8.8,3.28,2,2
1932,7.8,2.2,5.2,2.8,6.0,3.0,2,2
1933,9.6,1.6,8.1,3.7,1.0,3.46,2,2
1934,9.3,1.6,9.4,0.9,2.8,3.69,2,3
1935,6.4,0.2,9.0,2.5,5.9,2.81,1,1
1936,9.5,3.3,7.8,2.1,1.3,3.28,2,2
1937,7.4,1.6,9.6,0.7,4.7,2.75,1,1
1938,7.5,1.8,7.6,0.8,6.3,2.93,1,1
1939,7.6,1.0,5.9,0.4,9.1,3.06,2,2
1940,8.1,2.9,8.4,2.2,2.4,3.52,2,3
1941,6.9,1.5,8.2,3.0,4.4,2.99,1,1
1942,8.2,1.2,5.1,5.3,4.2,3.19,2,2
1943,6.1,3.7,8.6,4.3,1.3,2.79,1,1
1944,7.6,0.7,6.5,1.9,7.3,3.0,1,2
1945,5.8,0.8,8.9,1.0,7.5,2.89,0,1
1946,9.9,1.3,5.6,3.4,3.8,3.43,2,2
1947,9.5,3.1,8.1,1.0,2.3,3.25,2,2
1948,8.4,2.9,9.8,0.8,2.1,3.28,2,2
1949,5.1,2.2,8.5,4.7,3.5,2.64,0,1
1950,7.6,1.3,9.3,2.7,3.1,2.98,1,1
1951,9.0,2.3,8.9,1.3,2.5,3.24,2,2
1952,7.7,0.9,7.4,1.9,6.1,3.31,1,2
1953,6.3,3.9,5.8,4.7,3.3,2.73,2,1
1954,5.2,1.6,9.7,0.1,7.4,2.95,0,1
1955,7.9,2.0,9.4,0.4,4.3,3.42,1,2
1956,8.3,3.8,9.1,0.1,2.7,3.48,2,2
1957,7.4,1.6,6.6,2.7,5.7,2.88,1,1
1958,9.9,0.4,9.6,2.0,2.1,3.09,2,2
1959,8.1,3.3,6.8,2.5,3.3,2.86,2,1
1960,9.6,3.3,5.5,0.6,5.0,3.19,2,2
1961,7.1,0.4,8.1,0.9,7.5,3.02,1,2
1962,6.6,2.7,7.4,5.9,1.4,2.99,1,1
1963,9.4,1.4,5.2,5.1,2.9,3.59,2,3
1964,9.5,0.9,9.5,1.3,2.8,3.24,2,2
1965,9.9,1.1,9.8,0.2,3.0,3.54,2,3
1966,7.4,0.9,8.5,1.1,6.1,3.48,1,2
1967,7.8,1.0,9.8,0.2,5.2,3.04,1,2
1968,7.1,0.9,7.5,5.2,3.3,2.92,1,1
1969,8.6,2.3,5.4,4.2,3.5,3.38,2,2
1970,6.3,1.7,6.8,5.2,4.0,2.84,1,1
1971,5.6,2.3,5.7,4.2,6.2,2.81,2,1
1972,7.4,3.7,7.6,2.6,2.7,3.29,1,2
1973,7.9,2.8,5.5,4.9,2.9,3.03,2,2
1974,8.9,1.5,5.5,3.8,4.3,3.31,2,2
1975,9.4,3.6,9.8,1.0,0.2,3.32,2,2
1976,8.0,2.4,6.8,5.4,1.4,3.42,1,2
1977,7.5,1.9,10.0,2.3,2.3,3.14,1,2
1978,9.1,3.1,8.9,2.1,0.8,3.1,2,2
1979,6.3,3.4,9.5,0.9,3.9,2.97,1,1
1980,8.2,2.2,5.3,4.5,3.8,3.43,2,2
1981,7.5,2.6,7.5,3.0,3.4,3.02,1,2
1982,5.8,0.8,9.9,0.9,6.6,2.71,0,1
1983,6.3,2.4,8.1,0.9,6.3,3.07,1,2
1984,6.2,1.2,9.7,5.0,1.9,3.06,1,2
1985,8.5,0.3,7.1,3.4,4.7,3.23,2,2
1986,8.0,1.3,8.9,4.9,0.9,2.93,1,1
1987,6.6,3.4,5.5,5.0,3.5,2.9,2,1
1988,9.5,1.5,6.4,3.0,3.6,3.86,2,3
1989,7.3,1.4,8.5,4.6,2.2,3.28,1,2
1990,7.0,2.7,7.4,6.0,0.9,2.85,1,1
1991,8.6,3.8,9.2,2.2,0.2,3.26,2,2
1992,6.3,1.5,5.1,3.1,8.0,3.21,2,2
1993,7.5,2.1,9.9,4.1,0.4,3.04,1,2
1994,7.1,1.4,9.0,3.1,3.4,2.85,1,1
1995,7.9,3.4,9.0,0.5,3.2,3.08,1,2
1996,6.5,0.2,7.4,2.1,7.8,3.32,1,2
1997,6.3,2.8,8.8,1.5,4.6,2.65,1,1
1998,6.2,0.0,6.2,0.8,10.8,3.14,1,2
1999,8.1,0.7,7.6,3.5,4.1,3.04,2,2
2000,9.0,1.7,7.3,3.1,2.9,3.58,2,3
